Command line
python /home/maria/anaconda3/envs/crem_ml/bin/chemprop_train --data_path /home/maria/onedrive_vscht/pavel/files_logbb_nature/logbb_filtered_act_scaff.smi --epochs 50 --metric mcc --dataset_type classification --save_dir onedrive_vscht/pavel/logbb_nature_scaff_filt_checkpoints --num_folds 5
Args
{'activation': 'ReLU',
 'adding_h': False,
 'aggregation': 'mean',
 'aggregation_norm': 100,
 'atom_descriptor_scaling': True,
 'atom_descriptors': None,
 'atom_descriptors_path': None,
 'atom_descriptors_size': 0,
 'atom_features_size': 0,
 'atom_messages': False,
 'batch_size': 50,
 'bias': False,
 'bias_solvent': False,
 'bond_feature_scaling': True,
 'bond_features_path': None,
 'bond_features_size': 0,
 'cache_cutoff': 10000,
 'checkpoint_dir': None,
 'checkpoint_frzn': None,
 'checkpoint_path': None,
 'checkpoint_paths': None,
 'class_balance': False,
 'config_path': None,
 'crossval_index_dir': None,
 'crossval_index_file': None,
 'crossval_index_sets': None,
 'cuda': False,
 'data_path': '/home/maria/onedrive_vscht/pavel/files_logbb_nature/logbb_filtered_act_scaff.smi',
 'data_weights_path': None,
 'dataset_type': 'classification',
 'depth': 3,
 'depth_solvent': 3,
 'device': device(type='cpu'),
 'dropout': 0.0,
 'empty_cache': False,
 'ensemble_size': 1,
 'epochs': 50,
 'evidential_regularization': 0,
 'explicit_h': False,
 'extra_metrics': [],
 'features_generator': None,
 'features_only': False,
 'features_path': None,
 'features_scaling': True,
 'features_size': None,
 'ffn_hidden_size': 300,
 'ffn_num_layers': 2,
 'final_lr': 0.0001,
 'folds_file': None,
 'freeze_first_only': False,
 'frzn_ffn_layers': 0,
 'gpu': None,
 'grad_clip': None,
 'hidden_size': 300,
 'hidden_size_solvent': 300,
 'ignore_columns': None,
 'init_lr': 0.0001,
 'log_frequency': 10,
 'loss_function': 'binary_cross_entropy',
 'max_data_size': None,
 'max_lr': 0.001,
 'metric': 'mcc',
 'metrics': ['mcc'],
 'minimize_score': False,
 'mpn_shared': False,
 'multiclass_num_classes': 3,
 'no_atom_descriptor_scaling': False,
 'no_bond_features_scaling': False,
 'no_cache_mol': False,
 'no_cuda': False,
 'no_features_scaling': False,
 'num_folds': 5,
 'num_lrs': 1,
 'num_tasks': 1,
 'num_workers': 8,
 'number_of_molecules': 1,
 'overwrite_default_atom_features': False,
 'overwrite_default_bond_features': False,
 'phase_features_path': None,
 'pytorch_seed': 0,
 'quiet': False,
 'reaction': False,
 'reaction_mode': 'reac_diff',
 'reaction_solvent': False,
 'resume_experiment': False,
 'save_dir': 'onedrive_vscht/pavel/logbb_nature_scaff_filt_checkpoints',
 'save_preds': False,
 'save_smiles_splits': False,
 'seed': 0,
 'separate_test_atom_descriptors_path': None,
 'separate_test_bond_features_path': None,
 'separate_test_features_path': None,
 'separate_test_path': None,
 'separate_test_phase_features_path': None,
 'separate_val_atom_descriptors_path': None,
 'separate_val_bond_features_path': None,
 'separate_val_features_path': None,
 'separate_val_path': None,
 'separate_val_phase_features_path': None,
 'show_individual_scores': False,
 'smiles_columns': ['[H]OC(=O)c1c([H])c(N=Nc2c([H])c([H])c(S(=O)(=O)N([H])c3nc([H])c([H])c([H])c3[H])c([H])c2[H])c([H])c([H])c1O[H]'],
 'spectra_activation': 'exp',
 'spectra_phase_mask_path': None,
 'spectra_target_floor': 1e-08,
 'split_key_molecule': 0,
 'split_sizes': [0.8, 0.1, 0.1],
 'split_type': 'random',
 'target_columns': None,
 'target_weights': None,
 'task_names': ['0'],
 'test': False,
 'test_fold_index': None,
 'train_data_size': None,
 'undirected': False,
 'use_input_features': False,
 'val_fold_index': None,
 'warmup_epochs': 2.0}
Setting molecule featurization parameters to default.
Loading data
Number of tasks = 1
Fold 0
Splitting data with seed 0
Class sizes
0 0: 36.36%, 1: 63.64%
Total size = 7,660 | train size = 6,128 | val size = 766 | test size = 766
Building model 0
MoleculeModel(
  (sigmoid): Sigmoid()
  (encoder): MPN(
    (encoder): ModuleList(
      (0): MPNEncoder(
        (dropout_layer): Dropout(p=0.0, inplace=False)
        (act_func): ReLU()
        (W_i): Linear(in_features=147, out_features=300, bias=False)
        (W_h): Linear(in_features=300, out_features=300, bias=False)
        (W_o): Linear(in_features=433, out_features=300, bias=True)
      )
    )
  )
  (ffn): Sequential(
    (0): Dropout(p=0.0, inplace=False)
    (1): Linear(in_features=300, out_features=300, bias=True)
    (2): ReLU()
    (3): Dropout(p=0.0, inplace=False)
    (4): Linear(in_features=300, out_features=1, bias=True)
  )
)
Number of parameters = 355,201
Epoch 0
Loss = 6.4481e-01, PNorm = 34.0116, GNorm = 0.9151, lr_0 = 1.4057e-04
Loss = 6.0110e-01, PNorm = 34.0163, GNorm = 1.3228, lr_0 = 1.7746e-04
Loss = 6.0919e-01, PNorm = 34.0239, GNorm = 1.8767, lr_0 = 2.1434e-04
Loss = 5.9481e-01, PNorm = 34.0337, GNorm = 0.4818, lr_0 = 2.5123e-04
Loss = 5.5223e-01, PNorm = 34.0493, GNorm = 0.9582, lr_0 = 2.8811e-04
Loss = 5.4184e-01, PNorm = 34.0696, GNorm = 1.0695, lr_0 = 3.2500e-04
Loss = 5.2891e-01, PNorm = 34.0890, GNorm = 0.5033, lr_0 = 3.6189e-04
Loss = 5.0710e-01, PNorm = 34.1141, GNorm = 0.5075, lr_0 = 3.9877e-04
Loss = 5.3250e-01, PNorm = 34.1377, GNorm = 6.5553, lr_0 = 4.3566e-04
Loss = 5.2255e-01, PNorm = 34.1613, GNorm = 1.4983, lr_0 = 4.7254e-04
Loss = 5.5663e-01, PNorm = 34.1861, GNorm = 1.5223, lr_0 = 5.0943e-04
Loss = 5.0707e-01, PNorm = 34.2185, GNorm = 0.8653, lr_0 = 5.4631e-04
Validation mcc = 0.605065
Epoch 1
Loss = 4.7534e-01, PNorm = 34.2622, GNorm = 0.5526, lr_0 = 5.8689e-04
Loss = 4.7080e-01, PNorm = 34.3011, GNorm = 0.5050, lr_0 = 6.2377e-04
Loss = 4.9302e-01, PNorm = 34.3499, GNorm = 0.8945, lr_0 = 6.6066e-04
Loss = 4.7386e-01, PNorm = 34.3969, GNorm = 0.5036, lr_0 = 6.9754e-04
Loss = 4.1268e-01, PNorm = 34.4526, GNorm = 1.0939, lr_0 = 7.3443e-04
Loss = 4.3207e-01, PNorm = 34.5076, GNorm = 0.9280, lr_0 = 7.7131e-04
Loss = 3.7427e-01, PNorm = 34.5610, GNorm = 2.2039, lr_0 = 8.0820e-04
Loss = 4.8040e-01, PNorm = 34.6119, GNorm = 1.6246, lr_0 = 8.4508e-04
Loss = 4.7879e-01, PNorm = 34.6581, GNorm = 0.4972, lr_0 = 8.8197e-04
Loss = 4.2751e-01, PNorm = 34.7206, GNorm = 1.4972, lr_0 = 9.1885e-04
Loss = 4.4127e-01, PNorm = 34.7758, GNorm = 1.0031, lr_0 = 9.5574e-04
Loss = 4.4050e-01, PNorm = 34.8255, GNorm = 0.7964, lr_0 = 9.9262e-04
Validation mcc = 0.594361
Epoch 2
Loss = 4.5508e-01, PNorm = 34.8966, GNorm = 1.1033, lr_0 = 9.9686e-04
Loss = 3.8529e-01, PNorm = 34.9705, GNorm = 1.5027, lr_0 = 9.9295e-04
Loss = 4.4116e-01, PNorm = 35.0303, GNorm = 0.8831, lr_0 = 9.8905e-04
Loss = 4.0640e-01, PNorm = 35.0929, GNorm = 3.7602, lr_0 = 9.8517e-04
Loss = 4.0291e-01, PNorm = 35.1474, GNorm = 0.7151, lr_0 = 9.8130e-04
Loss = 3.8388e-01, PNorm = 35.2109, GNorm = 1.1258, lr_0 = 9.7745e-04
Loss = 4.0121e-01, PNorm = 35.2838, GNorm = 1.2643, lr_0 = 9.7362e-04
Loss = 3.8260e-01, PNorm = 35.3561, GNorm = 1.9664, lr_0 = 9.6980e-04
Loss = 4.4964e-01, PNorm = 35.4023, GNorm = 2.0190, lr_0 = 9.6599e-04
Loss = 4.0814e-01, PNorm = 35.4785, GNorm = 1.0710, lr_0 = 9.6220e-04
Loss = 3.4741e-01, PNorm = 35.5528, GNorm = 3.0275, lr_0 = 9.5842e-04
Loss = 3.9660e-01, PNorm = 35.6155, GNorm = 0.9018, lr_0 = 9.5466e-04
Validation mcc = 0.650030
Epoch 3
Loss = 3.3065e-01, PNorm = 35.6809, GNorm = 1.2717, lr_0 = 9.5054e-04
Loss = 3.4325e-01, PNorm = 35.7388, GNorm = 1.9027, lr_0 = 9.4681e-04
Loss = 3.5529e-01, PNorm = 35.7924, GNorm = 0.8638, lr_0 = 9.4310e-04
Loss = 3.8245e-01, PNorm = 35.8662, GNorm = 0.5587, lr_0 = 9.3940e-04
Loss = 3.8241e-01, PNorm = 35.9249, GNorm = 1.1010, lr_0 = 9.3571e-04
Loss = 3.8113e-01, PNorm = 35.9896, GNorm = 1.1046, lr_0 = 9.3204e-04
Loss = 3.7774e-01, PNorm = 36.0385, GNorm = 1.7802, lr_0 = 9.2838e-04
Loss = 3.7919e-01, PNorm = 36.0732, GNorm = 0.8799, lr_0 = 9.2474e-04
Loss = 3.3409e-01, PNorm = 36.1150, GNorm = 1.4169, lr_0 = 9.2111e-04
Loss = 4.0824e-01, PNorm = 36.1619, GNorm = 0.8436, lr_0 = 9.1749e-04
Loss = 3.4523e-01, PNorm = 36.2344, GNorm = 1.1710, lr_0 = 9.1389e-04
Loss = 3.6895e-01, PNorm = 36.2883, GNorm = 1.0379, lr_0 = 9.1031e-04
Loss = 3.5251e-01, PNorm = 36.3430, GNorm = 1.4188, lr_0 = 9.0673e-04
Validation mcc = 0.596665
Epoch 4
Loss = 3.3736e-01, PNorm = 36.3999, GNorm = 0.9189, lr_0 = 9.0317e-04
Loss = 3.4672e-01, PNorm = 36.4613, GNorm = 0.8480, lr_0 = 8.9963e-04
Loss = 3.4144e-01, PNorm = 36.5360, GNorm = 1.7802, lr_0 = 8.9610e-04
Loss = 3.7438e-01, PNorm = 36.6020, GNorm = 1.2149, lr_0 = 8.9258e-04
Loss = 3.3701e-01, PNorm = 36.6489, GNorm = 0.9577, lr_0 = 8.8908e-04
Loss = 3.7971e-01, PNorm = 36.7124, GNorm = 2.7839, lr_0 = 8.8559e-04
Loss = 3.5183e-01, PNorm = 36.7634, GNorm = 0.8149, lr_0 = 8.8212e-04
Loss = 3.6609e-01, PNorm = 36.8159, GNorm = 0.5618, lr_0 = 8.7865e-04
Loss = 3.4923e-01, PNorm = 36.8710, GNorm = 1.2851, lr_0 = 8.7521e-04
Loss = 3.6926e-01, PNorm = 36.9216, GNorm = 1.0501, lr_0 = 8.7177e-04
Loss = 3.0635e-01, PNorm = 36.9758, GNorm = 1.7816, lr_0 = 8.6835e-04
Loss = 3.6436e-01, PNorm = 37.0196, GNorm = 0.8515, lr_0 = 8.6494e-04
Validation mcc = 0.669946
Epoch 5
Loss = 3.1263e-01, PNorm = 37.0912, GNorm = 2.2438, lr_0 = 8.6121e-04
Loss = 3.1822e-01, PNorm = 37.1371, GNorm = 1.0410, lr_0 = 8.5783e-04
Loss = 3.0321e-01, PNorm = 37.1799, GNorm = 0.6019, lr_0 = 8.5446e-04
Loss = 3.0940e-01, PNorm = 37.2391, GNorm = 0.6703, lr_0 = 8.5111e-04
Loss = 3.0856e-01, PNorm = 37.2942, GNorm = 0.8096, lr_0 = 8.4777e-04
Loss = 3.6052e-01, PNorm = 37.3576, GNorm = 0.5871, lr_0 = 8.4444e-04
Loss = 3.5160e-01, PNorm = 37.4166, GNorm = 0.9714, lr_0 = 8.4113e-04
Loss = 2.9554e-01, PNorm = 37.4703, GNorm = 0.8953, lr_0 = 8.3783e-04
Loss = 3.6248e-01, PNorm = 37.5218, GNorm = 0.6747, lr_0 = 8.3454e-04
Loss = 2.9917e-01, PNorm = 37.5853, GNorm = 1.5650, lr_0 = 8.3127e-04
Loss = 3.0685e-01, PNorm = 37.6459, GNorm = 0.8927, lr_0 = 8.2800e-04
Loss = 3.1175e-01, PNorm = 37.6851, GNorm = 1.1804, lr_0 = 8.2476e-04
Validation mcc = 0.681629
Epoch 6
Loss = 2.7842e-01, PNorm = 37.7303, GNorm = 1.0926, lr_0 = 8.2152e-04
Loss = 2.6930e-01, PNorm = 37.7983, GNorm = 1.0322, lr_0 = 8.1829e-04
Loss = 3.2937e-01, PNorm = 37.8297, GNorm = 1.4465, lr_0 = 8.1508e-04
Loss = 4.1386e-01, PNorm = 37.8741, GNorm = 1.4909, lr_0 = 8.1189e-04
Loss = 3.7000e-01, PNorm = 37.9432, GNorm = 2.0281, lr_0 = 8.0870e-04
Loss = 3.3663e-01, PNorm = 38.0174, GNorm = 1.3628, lr_0 = 8.0553e-04
Loss = 3.1119e-01, PNorm = 38.0897, GNorm = 0.6599, lr_0 = 8.0236e-04
Loss = 3.1619e-01, PNorm = 38.1546, GNorm = 1.1363, lr_0 = 7.9922e-04
Loss = 3.1867e-01, PNorm = 38.2028, GNorm = 1.8652, lr_0 = 7.9608e-04
Loss = 2.8418e-01, PNorm = 38.2532, GNorm = 0.8335, lr_0 = 7.9296e-04
Loss = 3.0860e-01, PNorm = 38.3131, GNorm = 0.8498, lr_0 = 7.8984e-04
Loss = 3.1287e-01, PNorm = 38.3550, GNorm = 0.5434, lr_0 = 7.8674e-04
Validation mcc = 0.663441
Epoch 7
Loss = 2.9481e-01, PNorm = 38.4062, GNorm = 2.2517, lr_0 = 7.8335e-04
Loss = 2.9224e-01, PNorm = 38.4683, GNorm = 0.6916, lr_0 = 7.8027e-04
Loss = 2.9679e-01, PNorm = 38.5126, GNorm = 0.8944, lr_0 = 7.7721e-04
Loss = 3.1527e-01, PNorm = 38.5436, GNorm = 0.9885, lr_0 = 7.7416e-04
Loss = 2.9833e-01, PNorm = 38.5975, GNorm = 0.8123, lr_0 = 7.7112e-04
Loss = 2.6483e-01, PNorm = 38.6524, GNorm = 0.8167, lr_0 = 7.6810e-04
Loss = 3.2047e-01, PNorm = 38.6937, GNorm = 1.7775, lr_0 = 7.6508e-04
Loss = 2.7060e-01, PNorm = 38.7361, GNorm = 0.6301, lr_0 = 7.6208e-04
Loss = 2.9985e-01, PNorm = 38.7919, GNorm = 1.9441, lr_0 = 7.5909e-04
Loss = 3.0304e-01, PNorm = 38.8455, GNorm = 0.7199, lr_0 = 7.5611e-04
Loss = 2.9145e-01, PNorm = 38.8938, GNorm = 0.8551, lr_0 = 7.5314e-04
Loss = 2.5914e-01, PNorm = 38.9336, GNorm = 0.6085, lr_0 = 7.5019e-04
Loss = 3.2586e-01, PNorm = 38.9685, GNorm = 1.0006, lr_0 = 7.4725e-04
Validation mcc = 0.703331
Epoch 8
Loss = 2.6404e-01, PNorm = 39.0242, GNorm = 1.1161, lr_0 = 7.4431e-04
Loss = 2.9663e-01, PNorm = 39.0713, GNorm = 0.5498, lr_0 = 7.4139e-04
Loss = 2.5744e-01, PNorm = 39.1212, GNorm = 0.7187, lr_0 = 7.3848e-04
Loss = 2.6233e-01, PNorm = 39.1781, GNorm = 1.4148, lr_0 = 7.3558e-04
Loss = 2.7321e-01, PNorm = 39.2243, GNorm = 0.6745, lr_0 = 7.3270e-04
Loss = 2.8802e-01, PNorm = 39.2727, GNorm = 1.1854, lr_0 = 7.2982e-04
Loss = 2.6441e-01, PNorm = 39.3107, GNorm = 0.6059, lr_0 = 7.2696e-04
Loss = 2.4531e-01, PNorm = 39.3456, GNorm = 1.2662, lr_0 = 7.2411e-04
Loss = 3.0073e-01, PNorm = 39.3919, GNorm = 0.7761, lr_0 = 7.2126e-04
Loss = 2.6454e-01, PNorm = 39.4340, GNorm = 1.4480, lr_0 = 7.1843e-04
Loss = 3.1066e-01, PNorm = 39.4574, GNorm = 2.0526, lr_0 = 7.1561e-04
Loss = 2.9514e-01, PNorm = 39.4932, GNorm = 0.8530, lr_0 = 7.1281e-04
Validation mcc = 0.700024
Epoch 9
Loss = 2.7260e-01, PNorm = 39.5477, GNorm = 1.5310, lr_0 = 7.1001e-04
Loss = 2.9198e-01, PNorm = 39.5867, GNorm = 2.3792, lr_0 = 7.0722e-04
Loss = 2.3611e-01, PNorm = 39.6215, GNorm = 1.3686, lr_0 = 7.0445e-04
Loss = 2.6428e-01, PNorm = 39.6624, GNorm = 0.7717, lr_0 = 7.0168e-04
Loss = 2.4594e-01, PNorm = 39.7021, GNorm = 0.6278, lr_0 = 6.9893e-04
Loss = 2.4114e-01, PNorm = 39.7536, GNorm = 1.4706, lr_0 = 6.9619e-04
Loss = 2.5215e-01, PNorm = 39.7941, GNorm = 0.8596, lr_0 = 6.9345e-04
Loss = 2.6646e-01, PNorm = 39.8384, GNorm = 1.3593, lr_0 = 6.9073e-04
Loss = 2.3747e-01, PNorm = 39.8971, GNorm = 3.0199, lr_0 = 6.8802e-04
Loss = 2.5959e-01, PNorm = 39.9465, GNorm = 0.7756, lr_0 = 6.8532e-04
Loss = 2.5986e-01, PNorm = 39.9834, GNorm = 2.6387, lr_0 = 6.8263e-04
Loss = 3.1866e-01, PNorm = 40.0013, GNorm = 2.5260, lr_0 = 6.7995e-04
Validation mcc = 0.674263
Epoch 10
Loss = 3.5648e-01, PNorm = 40.0399, GNorm = 1.0036, lr_0 = 6.7702e-04
Loss = 2.3041e-01, PNorm = 40.0960, GNorm = 0.7530, lr_0 = 6.7436e-04
Loss = 2.2427e-01, PNorm = 40.1469, GNorm = 0.8123, lr_0 = 6.7172e-04
Loss = 2.4076e-01, PNorm = 40.1938, GNorm = 1.0757, lr_0 = 6.6908e-04
Loss = 2.5263e-01, PNorm = 40.2393, GNorm = 0.6704, lr_0 = 6.6645e-04
Loss = 2.3322e-01, PNorm = 40.2898, GNorm = 1.1669, lr_0 = 6.6384e-04
Loss = 2.5652e-01, PNorm = 40.3264, GNorm = 1.1201, lr_0 = 6.6123e-04
Loss = 2.6107e-01, PNorm = 40.3572, GNorm = 0.7307, lr_0 = 6.5864e-04
Loss = 2.2918e-01, PNorm = 40.3987, GNorm = 0.9037, lr_0 = 6.5605e-04
Loss = 2.4899e-01, PNorm = 40.4332, GNorm = 0.8503, lr_0 = 6.5348e-04
Loss = 2.3845e-01, PNorm = 40.4536, GNorm = 1.0803, lr_0 = 6.5092e-04
Loss = 2.3401e-01, PNorm = 40.4867, GNorm = 0.9738, lr_0 = 6.4836e-04
Validation mcc = 0.681913
Epoch 11
Loss = 1.6053e-01, PNorm = 40.5179, GNorm = 0.6484, lr_0 = 6.4582e-04
Loss = 2.5081e-01, PNorm = 40.5597, GNorm = 0.6664, lr_0 = 6.4328e-04
Loss = 2.3726e-01, PNorm = 40.6061, GNorm = 0.8070, lr_0 = 6.4076e-04
Loss = 2.5724e-01, PNorm = 40.6590, GNorm = 1.0741, lr_0 = 6.3824e-04
Loss = 2.5937e-01, PNorm = 40.7094, GNorm = 0.8582, lr_0 = 6.3574e-04
Loss = 1.9811e-01, PNorm = 40.7570, GNorm = 0.5231, lr_0 = 6.3324e-04
Loss = 2.2881e-01, PNorm = 40.7956, GNorm = 0.7687, lr_0 = 6.3076e-04
Loss = 2.6185e-01, PNorm = 40.8237, GNorm = 0.9078, lr_0 = 6.2828e-04
Loss = 2.5437e-01, PNorm = 40.8507, GNorm = 0.9007, lr_0 = 6.2582e-04
Loss = 2.5383e-01, PNorm = 40.8929, GNorm = 0.6160, lr_0 = 6.2336e-04
Loss = 2.1831e-01, PNorm = 40.9348, GNorm = 1.1885, lr_0 = 6.2092e-04
Loss = 2.3982e-01, PNorm = 40.9704, GNorm = 1.6963, lr_0 = 6.1848e-04
Loss = 2.4284e-01, PNorm = 40.9992, GNorm = 1.2402, lr_0 = 6.1605e-04
Loss = 1.4235e-01, PNorm = 41.0021, GNorm = 0.5387, lr_0 = 6.1581e-04
Validation mcc = 0.711720
Epoch 12
Loss = 2.5422e-01, PNorm = 41.0342, GNorm = 0.9564, lr_0 = 6.1339e-04
Loss = 2.1213e-01, PNorm = 41.0691, GNorm = 1.5443, lr_0 = 6.1099e-04
Loss = 1.9837e-01, PNorm = 41.1084, GNorm = 0.6502, lr_0 = 6.0859e-04
Loss = 2.5604e-01, PNorm = 41.1498, GNorm = 1.3909, lr_0 = 6.0620e-04
Loss = 2.1132e-01, PNorm = 41.1853, GNorm = 2.0797, lr_0 = 6.0382e-04
Loss = 2.1965e-01, PNorm = 41.2302, GNorm = 1.1961, lr_0 = 6.0145e-04
Loss = 2.3473e-01, PNorm = 41.2828, GNorm = 1.0203, lr_0 = 5.9909e-04
Loss = 2.5186e-01, PNorm = 41.3173, GNorm = 1.6465, lr_0 = 5.9674e-04
Loss = 2.2911e-01, PNorm = 41.3335, GNorm = 0.9518, lr_0 = 5.9440e-04
Loss = 2.4794e-01, PNorm = 41.3661, GNorm = 1.0046, lr_0 = 5.9207e-04
Loss = 2.5971e-01, PNorm = 41.4104, GNorm = 1.0968, lr_0 = 5.8974e-04
Loss = 2.1345e-01, PNorm = 41.4491, GNorm = 1.2452, lr_0 = 5.8743e-04
Validation mcc = 0.724668
Epoch 13
Loss = 2.0815e-01, PNorm = 41.4886, GNorm = 1.0432, lr_0 = 5.8512e-04
Loss = 2.0919e-01, PNorm = 41.5268, GNorm = 1.5581, lr_0 = 5.8283e-04
Loss = 2.5003e-01, PNorm = 41.5749, GNorm = 0.6389, lr_0 = 5.8054e-04
Loss = 2.7948e-01, PNorm = 41.6182, GNorm = 1.1565, lr_0 = 5.7826e-04
Loss = 2.3147e-01, PNorm = 41.6557, GNorm = 1.3170, lr_0 = 5.7599e-04
Loss = 2.4443e-01, PNorm = 41.6955, GNorm = 1.8994, lr_0 = 5.7373e-04
Loss = 2.0582e-01, PNorm = 41.7340, GNorm = 1.6610, lr_0 = 5.7148e-04
Loss = 2.1290e-01, PNorm = 41.7691, GNorm = 1.8963, lr_0 = 5.6924e-04
Loss = 1.9897e-01, PNorm = 41.7982, GNorm = 1.5073, lr_0 = 5.6700e-04
Loss = 2.2483e-01, PNorm = 41.8299, GNorm = 1.0773, lr_0 = 5.6478e-04
Loss = 2.3120e-01, PNorm = 41.8572, GNorm = 1.3577, lr_0 = 5.6256e-04
Loss = 1.9224e-01, PNorm = 41.8948, GNorm = 1.0612, lr_0 = 5.6035e-04
Validation mcc = 0.736024
Epoch 14
Loss = 1.9735e-01, PNorm = 41.9374, GNorm = 0.8691, lr_0 = 5.5794e-04
Loss = 2.2984e-01, PNorm = 41.9739, GNorm = 0.9957, lr_0 = 5.5575e-04
Loss = 1.9619e-01, PNorm = 42.0043, GNorm = 1.5250, lr_0 = 5.5357e-04
Loss = 2.3705e-01, PNorm = 42.0365, GNorm = 0.6500, lr_0 = 5.5139e-04
Loss = 1.8370e-01, PNorm = 42.0792, GNorm = 0.6660, lr_0 = 5.4923e-04
Loss = 1.9767e-01, PNorm = 42.1139, GNorm = 0.8609, lr_0 = 5.4707e-04
Loss = 1.8861e-01, PNorm = 42.1510, GNorm = 1.4144, lr_0 = 5.4493e-04
Loss = 2.1130e-01, PNorm = 42.1777, GNorm = 0.8554, lr_0 = 5.4279e-04
Loss = 2.0377e-01, PNorm = 42.2110, GNorm = 1.0296, lr_0 = 5.4066e-04
Loss = 2.0786e-01, PNorm = 42.2525, GNorm = 1.9645, lr_0 = 5.3854e-04
Loss = 2.0352e-01, PNorm = 42.2881, GNorm = 0.8798, lr_0 = 5.3642e-04
Loss = 2.1126e-01, PNorm = 42.3188, GNorm = 0.9911, lr_0 = 5.3432e-04
Validation mcc = 0.722950
Epoch 15
Loss = 1.4353e-01, PNorm = 42.3494, GNorm = 1.0163, lr_0 = 5.3222e-04
Loss = 1.7122e-01, PNorm = 42.3933, GNorm = 0.5559, lr_0 = 5.3013e-04
Loss = 2.0803e-01, PNorm = 42.4317, GNorm = 1.4601, lr_0 = 5.2805e-04
Loss = 2.0426e-01, PNorm = 42.4570, GNorm = 1.4708, lr_0 = 5.2598e-04
Loss = 2.2217e-01, PNorm = 42.4788, GNorm = 1.2056, lr_0 = 5.2392e-04
Loss = 2.1603e-01, PNorm = 42.5061, GNorm = 0.5949, lr_0 = 5.2186e-04
Loss = 1.4956e-01, PNorm = 42.5420, GNorm = 0.4711, lr_0 = 5.1981e-04
Loss = 1.9046e-01, PNorm = 42.5829, GNorm = 2.0237, lr_0 = 5.1777e-04
Loss = 2.0724e-01, PNorm = 42.6088, GNorm = 1.7955, lr_0 = 5.1574e-04
Loss = 2.5185e-01, PNorm = 42.6329, GNorm = 0.5793, lr_0 = 5.1372e-04
Loss = 2.4536e-01, PNorm = 42.6635, GNorm = 0.9506, lr_0 = 5.1170e-04
Loss = 1.6905e-01, PNorm = 42.6935, GNorm = 1.8580, lr_0 = 5.0969e-04
Loss = 2.0697e-01, PNorm = 42.7212, GNorm = 1.5274, lr_0 = 5.0769e-04
Loss = 1.2557e-01, PNorm = 42.7239, GNorm = 0.8283, lr_0 = 5.0749e-04
Validation mcc = 0.708656
Epoch 16
Loss = 1.7602e-01, PNorm = 42.7611, GNorm = 0.7971, lr_0 = 5.0550e-04
Loss = 1.6316e-01, PNorm = 42.8002, GNorm = 1.1260, lr_0 = 5.0352e-04
Loss = 1.5580e-01, PNorm = 42.8272, GNorm = 0.8406, lr_0 = 5.0154e-04
Loss = 2.0459e-01, PNorm = 42.8490, GNorm = 0.7462, lr_0 = 4.9957e-04
Loss = 1.6124e-01, PNorm = 42.8731, GNorm = 0.7740, lr_0 = 4.9761e-04
Loss = 2.0066e-01, PNorm = 42.9022, GNorm = 1.4936, lr_0 = 4.9566e-04
Loss = 2.1339e-01, PNorm = 42.9307, GNorm = 1.1042, lr_0 = 4.9372e-04
Loss = 1.9207e-01, PNorm = 42.9576, GNorm = 1.1288, lr_0 = 4.9178e-04
Loss = 1.7575e-01, PNorm = 42.9927, GNorm = 0.9599, lr_0 = 4.8985e-04
Loss = 2.3422e-01, PNorm = 43.0201, GNorm = 1.2281, lr_0 = 4.8793e-04
Loss = 1.6047e-01, PNorm = 43.0579, GNorm = 0.8578, lr_0 = 4.8601e-04
Loss = 2.1202e-01, PNorm = 43.0825, GNorm = 1.4996, lr_0 = 4.8410e-04
Validation mcc = 0.716403
Epoch 17
Loss = 1.6297e-01, PNorm = 43.1069, GNorm = 0.6276, lr_0 = 4.8220e-04
Loss = 1.8973e-01, PNorm = 43.1406, GNorm = 0.9605, lr_0 = 4.8031e-04
Loss = 1.5779e-01, PNorm = 43.1687, GNorm = 1.5828, lr_0 = 4.7843e-04
Loss = 1.8319e-01, PNorm = 43.2019, GNorm = 1.0451, lr_0 = 4.7655e-04
Loss = 1.9888e-01, PNorm = 43.2327, GNorm = 0.9745, lr_0 = 4.7468e-04
Loss = 2.0134e-01, PNorm = 43.2610, GNorm = 1.1818, lr_0 = 4.7282e-04
Loss = 1.4608e-01, PNorm = 43.2902, GNorm = 0.7744, lr_0 = 4.7096e-04
Loss = 1.9859e-01, PNorm = 43.3201, GNorm = 1.5077, lr_0 = 4.6911e-04
Loss = 1.5782e-01, PNorm = 43.3510, GNorm = 1.1092, lr_0 = 4.6727e-04
Loss = 2.0195e-01, PNorm = 43.3649, GNorm = 1.1165, lr_0 = 4.6544e-04
Loss = 1.7577e-01, PNorm = 43.3850, GNorm = 0.6378, lr_0 = 4.6361e-04
Loss = 1.8150e-01, PNorm = 43.4131, GNorm = 1.0499, lr_0 = 4.6179e-04
Validation mcc = 0.674263
Epoch 18
Loss = 1.9342e-01, PNorm = 43.4511, GNorm = 2.0260, lr_0 = 4.5998e-04
Loss = 1.5736e-01, PNorm = 43.4882, GNorm = 0.6265, lr_0 = 4.5818e-04
Loss = 1.3049e-01, PNorm = 43.5205, GNorm = 0.6241, lr_0 = 4.5638e-04
Loss = 1.8763e-01, PNorm = 43.5592, GNorm = 1.1673, lr_0 = 4.5459e-04
Loss = 1.7549e-01, PNorm = 43.5857, GNorm = 1.7895, lr_0 = 4.5280e-04
Loss = 1.6501e-01, PNorm = 43.6106, GNorm = 1.1840, lr_0 = 4.5103e-04
Loss = 1.6822e-01, PNorm = 43.6386, GNorm = 0.8014, lr_0 = 4.4926e-04
Loss = 1.9154e-01, PNorm = 43.6559, GNorm = 0.6380, lr_0 = 4.4749e-04
Loss = 1.7117e-01, PNorm = 43.6737, GNorm = 0.8116, lr_0 = 4.4574e-04
Loss = 1.8572e-01, PNorm = 43.6958, GNorm = 1.8980, lr_0 = 4.4399e-04
Loss = 2.1750e-01, PNorm = 43.7189, GNorm = 0.6600, lr_0 = 4.4224e-04
Loss = 1.5810e-01, PNorm = 43.7488, GNorm = 2.0303, lr_0 = 4.4051e-04
Validation mcc = 0.704541
Epoch 19
Loss = 1.3180e-01, PNorm = 43.7790, GNorm = 0.7287, lr_0 = 4.3861e-04
Loss = 1.5260e-01, PNorm = 43.8066, GNorm = 0.8504, lr_0 = 4.3689e-04
Loss = 1.5508e-01, PNorm = 43.8296, GNorm = 0.6147, lr_0 = 4.3517e-04
Loss = 1.5578e-01, PNorm = 43.8601, GNorm = 1.0149, lr_0 = 4.3346e-04
Loss = 1.7858e-01, PNorm = 43.8850, GNorm = 1.7968, lr_0 = 4.3176e-04
Loss = 1.7970e-01, PNorm = 43.9161, GNorm = 1.0020, lr_0 = 4.3007e-04
Loss = 1.7089e-01, PNorm = 43.9460, GNorm = 1.3733, lr_0 = 4.2838e-04
Loss = 1.4092e-01, PNorm = 43.9697, GNorm = 1.9221, lr_0 = 4.2670e-04
Loss = 1.8314e-01, PNorm = 43.9976, GNorm = 1.3269, lr_0 = 4.2503e-04
Loss = 1.6783e-01, PNorm = 44.0282, GNorm = 1.8151, lr_0 = 4.2336e-04
Loss = 2.0785e-01, PNorm = 44.0458, GNorm = 1.1328, lr_0 = 4.2170e-04
Loss = 1.6326e-01, PNorm = 44.0660, GNorm = 1.0540, lr_0 = 4.2004e-04
Loss = 1.7315e-01, PNorm = 44.0915, GNorm = 0.9187, lr_0 = 4.1839e-04
Validation mcc = 0.735076
Epoch 20
Loss = 1.6636e-01, PNorm = 44.1172, GNorm = 0.7054, lr_0 = 4.1675e-04
Loss = 1.3675e-01, PNorm = 44.1409, GNorm = 1.1487, lr_0 = 4.1512e-04
Loss = 1.4704e-01, PNorm = 44.1621, GNorm = 0.6683, lr_0 = 4.1349e-04
Loss = 1.6060e-01, PNorm = 44.1782, GNorm = 0.7832, lr_0 = 4.1186e-04
Loss = 1.6580e-01, PNorm = 44.2051, GNorm = 2.2930, lr_0 = 4.1025e-04
Loss = 1.6395e-01, PNorm = 44.2324, GNorm = 1.2022, lr_0 = 4.0864e-04
Loss = 1.3423e-01, PNorm = 44.2601, GNorm = 0.9280, lr_0 = 4.0703e-04
Loss = 2.0821e-01, PNorm = 44.2828, GNorm = 1.4237, lr_0 = 4.0544e-04
Loss = 1.3744e-01, PNorm = 44.3103, GNorm = 1.3838, lr_0 = 4.0385e-04
Loss = 1.5137e-01, PNorm = 44.3368, GNorm = 0.9708, lr_0 = 4.0226e-04
Loss = 1.2333e-01, PNorm = 44.3617, GNorm = 0.7280, lr_0 = 4.0068e-04
Loss = 1.6289e-01, PNorm = 44.3863, GNorm = 1.3349, lr_0 = 3.9911e-04
Validation mcc = 0.731340
Epoch 21
Loss = 1.4962e-01, PNorm = 44.4049, GNorm = 0.9232, lr_0 = 3.9739e-04
Loss = 1.6490e-01, PNorm = 44.4289, GNorm = 1.8366, lr_0 = 3.9583e-04
Loss = 1.7014e-01, PNorm = 44.4570, GNorm = 1.9531, lr_0 = 3.9427e-04
Loss = 1.7011e-01, PNorm = 44.4768, GNorm = 2.1238, lr_0 = 3.9273e-04
Loss = 1.5596e-01, PNorm = 44.5001, GNorm = 0.5745, lr_0 = 3.9119e-04
Loss = 1.4966e-01, PNorm = 44.5197, GNorm = 1.1669, lr_0 = 3.8965e-04
Loss = 1.8206e-01, PNorm = 44.5468, GNorm = 1.0583, lr_0 = 3.8812e-04
Loss = 1.4610e-01, PNorm = 44.5680, GNorm = 1.2270, lr_0 = 3.8660e-04
Loss = 1.5317e-01, PNorm = 44.5817, GNorm = 1.0051, lr_0 = 3.8508e-04
Loss = 1.7269e-01, PNorm = 44.5979, GNorm = 0.9203, lr_0 = 3.8357e-04
Loss = 1.1674e-01, PNorm = 44.6238, GNorm = 0.5929, lr_0 = 3.8207e-04
Loss = 1.1800e-01, PNorm = 44.6504, GNorm = 0.6486, lr_0 = 3.8057e-04
Validation mcc = 0.732503
Epoch 22
Loss = 9.6462e-02, PNorm = 44.6732, GNorm = 1.2406, lr_0 = 3.7907e-04
Loss = 1.2034e-01, PNorm = 44.6972, GNorm = 0.8974, lr_0 = 3.7759e-04
Loss = 1.2167e-01, PNorm = 44.7186, GNorm = 0.8607, lr_0 = 3.7610e-04
Loss = 1.6026e-01, PNorm = 44.7414, GNorm = 1.9663, lr_0 = 3.7463e-04
Loss = 1.1597e-01, PNorm = 44.7658, GNorm = 1.2676, lr_0 = 3.7316e-04
Loss = 1.4254e-01, PNorm = 44.7905, GNorm = 1.9371, lr_0 = 3.7169e-04
Loss = 1.3662e-01, PNorm = 44.8086, GNorm = 1.4381, lr_0 = 3.7023e-04
Loss = 1.3178e-01, PNorm = 44.8291, GNorm = 3.1529, lr_0 = 3.6878e-04
Loss = 1.5713e-01, PNorm = 44.8494, GNorm = 1.4625, lr_0 = 3.6733e-04
Loss = 1.5669e-01, PNorm = 44.8674, GNorm = 1.0047, lr_0 = 3.6589e-04
Loss = 1.6494e-01, PNorm = 44.8795, GNorm = 0.7219, lr_0 = 3.6446e-04
Loss = 1.7803e-01, PNorm = 44.8977, GNorm = 1.3458, lr_0 = 3.6303e-04
Validation mcc = 0.723104
Epoch 23
Loss = 1.8645e-01, PNorm = 44.9186, GNorm = 1.9366, lr_0 = 3.6146e-04
Loss = 1.3773e-01, PNorm = 44.9416, GNorm = 1.0718, lr_0 = 3.6004e-04
Loss = 1.1376e-01, PNorm = 44.9638, GNorm = 1.8120, lr_0 = 3.5863e-04
Loss = 1.3888e-01, PNorm = 44.9930, GNorm = 2.1669, lr_0 = 3.5722e-04
Loss = 1.7841e-01, PNorm = 45.0110, GNorm = 1.4315, lr_0 = 3.5582e-04
Loss = 1.3635e-01, PNorm = 45.0275, GNorm = 1.4268, lr_0 = 3.5442e-04
Loss = 1.3621e-01, PNorm = 45.0406, GNorm = 0.8787, lr_0 = 3.5303e-04
Loss = 1.4192e-01, PNorm = 45.0596, GNorm = 0.6018, lr_0 = 3.5165e-04
Loss = 1.2751e-01, PNorm = 45.0824, GNorm = 0.8271, lr_0 = 3.5027e-04
Loss = 1.2847e-01, PNorm = 45.1059, GNorm = 1.1178, lr_0 = 3.4889e-04
Loss = 1.3109e-01, PNorm = 45.1228, GNorm = 3.0382, lr_0 = 3.4752e-04
Loss = 1.2681e-01, PNorm = 45.1377, GNorm = 1.4240, lr_0 = 3.4616e-04
Loss = 1.4076e-01, PNorm = 45.1543, GNorm = 2.2236, lr_0 = 3.4480e-04
Validation mcc = 0.749999
Epoch 24
Loss = 1.1608e-01, PNorm = 45.1758, GNorm = 1.3299, lr_0 = 3.4345e-04
Loss = 1.5120e-01, PNorm = 45.1950, GNorm = 0.7040, lr_0 = 3.4210e-04
Loss = 1.0126e-01, PNorm = 45.2113, GNorm = 0.7223, lr_0 = 3.4076e-04
Loss = 9.2981e-02, PNorm = 45.2291, GNorm = 0.6468, lr_0 = 3.3942e-04
Loss = 1.5078e-01, PNorm = 45.2503, GNorm = 1.0823, lr_0 = 3.3809e-04
Loss = 1.2363e-01, PNorm = 45.2662, GNorm = 1.6948, lr_0 = 3.3676e-04
Loss = 1.8300e-01, PNorm = 45.2837, GNorm = 1.6105, lr_0 = 3.3544e-04
Loss = 1.2159e-01, PNorm = 45.3086, GNorm = 0.8766, lr_0 = 3.3412e-04
Loss = 1.7264e-01, PNorm = 45.3276, GNorm = 2.1959, lr_0 = 3.3281e-04
Loss = 1.7571e-01, PNorm = 45.3482, GNorm = 1.4660, lr_0 = 3.3151e-04
Loss = 1.3566e-01, PNorm = 45.3686, GNorm = 1.6602, lr_0 = 3.3021e-04
Loss = 1.1679e-01, PNorm = 45.3887, GNorm = 1.7470, lr_0 = 3.2891e-04
Validation mcc = 0.731869
Epoch 25
Loss = 1.2133e-01, PNorm = 45.4065, GNorm = 1.1191, lr_0 = 3.2762e-04
Loss = 1.1765e-01, PNorm = 45.4203, GNorm = 1.0082, lr_0 = 3.2633e-04
Loss = 1.2106e-01, PNorm = 45.4376, GNorm = 1.7440, lr_0 = 3.2505e-04
Loss = 1.2623e-01, PNorm = 45.4508, GNorm = 0.7887, lr_0 = 3.2378e-04
Loss = 1.2430e-01, PNorm = 45.4709, GNorm = 1.9384, lr_0 = 3.2251e-04
Loss = 1.1540e-01, PNorm = 45.4937, GNorm = 1.1517, lr_0 = 3.2124e-04
Loss = 1.3927e-01, PNorm = 45.5155, GNorm = 1.0646, lr_0 = 3.1998e-04
Loss = 1.1353e-01, PNorm = 45.5344, GNorm = 0.8906, lr_0 = 3.1872e-04
Loss = 1.3527e-01, PNorm = 45.5499, GNorm = 1.3716, lr_0 = 3.1747e-04
Loss = 1.3692e-01, PNorm = 45.5672, GNorm = 1.4689, lr_0 = 3.1623e-04
Loss = 1.2184e-01, PNorm = 45.5818, GNorm = 0.4994, lr_0 = 3.1499e-04
Loss = 9.7279e-02, PNorm = 45.5965, GNorm = 0.8266, lr_0 = 3.1375e-04
Validation mcc = 0.740613
Epoch 26
Loss = 1.0056e-01, PNorm = 45.6117, GNorm = 0.8636, lr_0 = 3.1240e-04
Loss = 1.1196e-01, PNorm = 45.6286, GNorm = 1.5993, lr_0 = 3.1117e-04
Loss = 1.2670e-01, PNorm = 45.6446, GNorm = 0.8538, lr_0 = 3.0995e-04
Loss = 1.3107e-01, PNorm = 45.6651, GNorm = 0.8818, lr_0 = 3.0873e-04
Loss = 9.6778e-02, PNorm = 45.6848, GNorm = 1.2133, lr_0 = 3.0752e-04
Loss = 1.2186e-01, PNorm = 45.7031, GNorm = 1.9306, lr_0 = 3.0631e-04
Loss = 1.0853e-01, PNorm = 45.7209, GNorm = 0.7849, lr_0 = 3.0511e-04
Loss = 1.0695e-01, PNorm = 45.7388, GNorm = 1.3952, lr_0 = 3.0392e-04
Loss = 9.0445e-02, PNorm = 45.7551, GNorm = 1.0653, lr_0 = 3.0272e-04
Loss = 1.1937e-01, PNorm = 45.7708, GNorm = 0.9035, lr_0 = 3.0153e-04
Loss = 1.2166e-01, PNorm = 45.7842, GNorm = 1.1288, lr_0 = 3.0035e-04
Loss = 1.4296e-01, PNorm = 45.7963, GNorm = 1.8579, lr_0 = 2.9917e-04
Validation mcc = 0.725454
Epoch 27
Loss = 8.2590e-02, PNorm = 45.8079, GNorm = 1.0838, lr_0 = 2.9800e-04
Loss = 1.1560e-01, PNorm = 45.8259, GNorm = 0.9107, lr_0 = 2.9683e-04
Loss = 1.2675e-01, PNorm = 45.8472, GNorm = 0.8437, lr_0 = 2.9566e-04
Loss = 9.7612e-02, PNorm = 45.8686, GNorm = 0.9096, lr_0 = 2.9450e-04
Loss = 9.8639e-02, PNorm = 45.8904, GNorm = 1.2491, lr_0 = 2.9335e-04
Loss = 9.0394e-02, PNorm = 45.9092, GNorm = 2.2270, lr_0 = 2.9220e-04
Loss = 1.1729e-01, PNorm = 45.9214, GNorm = 1.0844, lr_0 = 2.9105e-04
Loss = 1.1335e-01, PNorm = 45.9335, GNorm = 2.1043, lr_0 = 2.8991e-04
Loss = 1.0026e-01, PNorm = 45.9475, GNorm = 0.8112, lr_0 = 2.8877e-04
Loss = 1.7057e-01, PNorm = 45.9563, GNorm = 2.0826, lr_0 = 2.8764e-04
Loss = 9.9985e-02, PNorm = 45.9633, GNorm = 0.9384, lr_0 = 2.8651e-04
Loss = 1.4278e-01, PNorm = 45.9819, GNorm = 1.6777, lr_0 = 2.8538e-04
Loss = 1.2931e-01, PNorm = 45.9973, GNorm = 0.7990, lr_0 = 2.8426e-04
Validation mcc = 0.733915
Epoch 28
Loss = 7.5643e-02, PNorm = 46.0171, GNorm = 1.5522, lr_0 = 2.8304e-04
Loss = 1.1131e-01, PNorm = 46.0325, GNorm = 0.7815, lr_0 = 2.8193e-04
Loss = 1.1383e-01, PNorm = 46.0479, GNorm = 1.0809, lr_0 = 2.8082e-04
Loss = 1.2677e-01, PNorm = 46.0612, GNorm = 2.7880, lr_0 = 2.7972e-04
Loss = 1.2180e-01, PNorm = 46.0794, GNorm = 1.1162, lr_0 = 2.7862e-04
Loss = 1.1963e-01, PNorm = 46.0903, GNorm = 0.6076, lr_0 = 2.7753e-04
Loss = 1.0558e-01, PNorm = 46.1094, GNorm = 1.2521, lr_0 = 2.7644e-04
Loss = 9.5409e-02, PNorm = 46.1279, GNorm = 0.9879, lr_0 = 2.7535e-04
Loss = 1.4549e-01, PNorm = 46.1403, GNorm = 1.3780, lr_0 = 2.7427e-04
Loss = 1.4020e-01, PNorm = 46.1523, GNorm = 1.8776, lr_0 = 2.7320e-04
Loss = 8.5349e-02, PNorm = 46.1635, GNorm = 0.8218, lr_0 = 2.7212e-04
Loss = 1.0461e-01, PNorm = 46.1806, GNorm = 0.8769, lr_0 = 2.7106e-04
Validation mcc = 0.741702
Epoch 29
Loss = 1.4171e-01, PNorm = 46.1992, GNorm = 1.2672, lr_0 = 2.6999e-04
Loss = 1.2662e-01, PNorm = 46.2147, GNorm = 1.6894, lr_0 = 2.6893e-04
Loss = 8.6587e-02, PNorm = 46.2341, GNorm = 1.2274, lr_0 = 2.6788e-04
Loss = 1.1389e-01, PNorm = 46.2502, GNorm = 1.1508, lr_0 = 2.6683e-04
Loss = 1.2683e-01, PNorm = 46.2665, GNorm = 1.4034, lr_0 = 2.6578e-04
Loss = 8.3911e-02, PNorm = 46.2840, GNorm = 0.7306, lr_0 = 2.6474e-04
Loss = 1.0753e-01, PNorm = 46.2976, GNorm = 1.0549, lr_0 = 2.6370e-04
Loss = 6.4686e-02, PNorm = 46.3133, GNorm = 0.5153, lr_0 = 2.6266e-04
Loss = 9.7348e-02, PNorm = 46.3282, GNorm = 1.1783, lr_0 = 2.6163e-04
Loss = 9.9841e-02, PNorm = 46.3379, GNorm = 0.6692, lr_0 = 2.6061e-04
Loss = 1.0492e-01, PNorm = 46.3468, GNorm = 0.9741, lr_0 = 2.5958e-04
Loss = 1.1625e-01, PNorm = 46.3618, GNorm = 1.1834, lr_0 = 2.5856e-04
Validation mcc = 0.743172
Epoch 30
Loss = 1.2269e-01, PNorm = 46.3760, GNorm = 1.8077, lr_0 = 2.5745e-04
Loss = 9.7090e-02, PNorm = 46.3922, GNorm = 0.9519, lr_0 = 2.5644e-04
Loss = 7.3888e-02, PNorm = 46.4062, GNorm = 0.6082, lr_0 = 2.5543e-04
Loss = 1.2528e-01, PNorm = 46.4153, GNorm = 1.8225, lr_0 = 2.5443e-04
Loss = 1.0387e-01, PNorm = 46.4310, GNorm = 1.2718, lr_0 = 2.5343e-04
Loss = 8.8908e-02, PNorm = 46.4436, GNorm = 0.9533, lr_0 = 2.5244e-04
Loss = 8.9856e-02, PNorm = 46.4594, GNorm = 2.1657, lr_0 = 2.5145e-04
Loss = 9.0991e-02, PNorm = 46.4723, GNorm = 1.3788, lr_0 = 2.5046e-04
Loss = 9.5260e-02, PNorm = 46.4831, GNorm = 1.0250, lr_0 = 2.4948e-04
Loss = 9.7509e-02, PNorm = 46.4956, GNorm = 1.3869, lr_0 = 2.4850e-04
Loss = 1.1661e-01, PNorm = 46.5096, GNorm = 1.1814, lr_0 = 2.4752e-04
Loss = 8.3520e-02, PNorm = 46.5222, GNorm = 0.7893, lr_0 = 2.4655e-04
Validation mcc = 0.737779
Epoch 31
Loss = 1.9135e-01, PNorm = 46.5348, GNorm = 1.6862, lr_0 = 2.4558e-04
Loss = 8.4955e-02, PNorm = 46.5494, GNorm = 1.3758, lr_0 = 2.4462e-04
Loss = 8.0310e-02, PNorm = 46.5640, GNorm = 0.9020, lr_0 = 2.4366e-04
Loss = 9.6641e-02, PNorm = 46.5786, GNorm = 1.5607, lr_0 = 2.4270e-04
Loss = 1.1965e-01, PNorm = 46.5899, GNorm = 0.9617, lr_0 = 2.4175e-04
Loss = 8.5440e-02, PNorm = 46.5992, GNorm = 1.4197, lr_0 = 2.4080e-04
Loss = 1.0693e-01, PNorm = 46.6110, GNorm = 0.7471, lr_0 = 2.3986e-04
Loss = 1.0081e-01, PNorm = 46.6209, GNorm = 1.2264, lr_0 = 2.3892e-04
Loss = 9.4844e-02, PNorm = 46.6336, GNorm = 0.8100, lr_0 = 2.3798e-04
Loss = 7.8392e-02, PNorm = 46.6467, GNorm = 0.5666, lr_0 = 2.3704e-04
Loss = 8.9261e-02, PNorm = 46.6619, GNorm = 2.4972, lr_0 = 2.3611e-04
Loss = 7.9846e-02, PNorm = 46.6752, GNorm = 1.3243, lr_0 = 2.3519e-04
Loss = 7.9144e-02, PNorm = 46.6885, GNorm = 0.9049, lr_0 = 2.3426e-04
Validation mcc = 0.743573
Epoch 32
Loss = 5.9170e-02, PNorm = 46.7019, GNorm = 1.1121, lr_0 = 2.3325e-04
Loss = 8.3213e-02, PNorm = 46.7138, GNorm = 1.1734, lr_0 = 2.3234e-04
Loss = 1.0347e-01, PNorm = 46.7272, GNorm = 0.4549, lr_0 = 2.3143e-04
Loss = 8.4250e-02, PNorm = 46.7384, GNorm = 0.5231, lr_0 = 2.3052e-04
Loss = 7.5102e-02, PNorm = 46.7470, GNorm = 0.8428, lr_0 = 2.2961e-04
Loss = 9.1737e-02, PNorm = 46.7614, GNorm = 1.9852, lr_0 = 2.2871e-04
Loss = 8.8328e-02, PNorm = 46.7733, GNorm = 0.7257, lr_0 = 2.2781e-04
Loss = 8.5174e-02, PNorm = 46.7850, GNorm = 0.5416, lr_0 = 2.2692e-04
Loss = 8.0690e-02, PNorm = 46.7986, GNorm = 1.8291, lr_0 = 2.2603e-04
Loss = 9.4167e-02, PNorm = 46.8085, GNorm = 0.5915, lr_0 = 2.2514e-04
Loss = 1.0208e-01, PNorm = 46.8182, GNorm = 1.1215, lr_0 = 2.2426e-04
Loss = 1.1444e-01, PNorm = 46.8279, GNorm = 1.6311, lr_0 = 2.2338e-04
Validation mcc = 0.752629
Epoch 33
Loss = 7.9355e-02, PNorm = 46.8383, GNorm = 0.8362, lr_0 = 2.2250e-04
Loss = 6.6080e-02, PNorm = 46.8507, GNorm = 1.1891, lr_0 = 2.2163e-04
Loss = 6.1908e-02, PNorm = 46.8643, GNorm = 0.8612, lr_0 = 2.2076e-04
Loss = 8.8510e-02, PNorm = 46.8759, GNorm = 1.1872, lr_0 = 2.1989e-04
Loss = 1.0271e-01, PNorm = 46.8877, GNorm = 1.1164, lr_0 = 2.1903e-04
Loss = 7.1479e-02, PNorm = 46.8979, GNorm = 1.3063, lr_0 = 2.1817e-04
Loss = 8.3515e-02, PNorm = 46.9094, GNorm = 0.7540, lr_0 = 2.1732e-04
Loss = 1.2062e-01, PNorm = 46.9186, GNorm = 2.2969, lr_0 = 2.1646e-04
Loss = 1.2034e-01, PNorm = 46.9302, GNorm = 1.4891, lr_0 = 2.1561e-04
Loss = 8.0628e-02, PNorm = 46.9413, GNorm = 1.7075, lr_0 = 2.1477e-04
Loss = 9.6479e-02, PNorm = 46.9508, GNorm = 1.9950, lr_0 = 2.1392e-04
Loss = 7.0778e-02, PNorm = 46.9613, GNorm = 1.4872, lr_0 = 2.1308e-04
Validation mcc = 0.733423
Epoch 34
Loss = 1.0688e-01, PNorm = 46.9707, GNorm = 1.3228, lr_0 = 2.1225e-04
Loss = 7.7051e-02, PNorm = 46.9822, GNorm = 1.1677, lr_0 = 2.1142e-04
Loss = 6.3775e-02, PNorm = 46.9924, GNorm = 0.9073, lr_0 = 2.1059e-04
Loss = 7.9290e-02, PNorm = 47.0071, GNorm = 0.9285, lr_0 = 2.0976e-04
Loss = 8.1928e-02, PNorm = 47.0198, GNorm = 1.8847, lr_0 = 2.0894e-04
Loss = 8.5614e-02, PNorm = 47.0302, GNorm = 2.7517, lr_0 = 2.0812e-04
Loss = 8.5344e-02, PNorm = 47.0393, GNorm = 0.5704, lr_0 = 2.0730e-04
Loss = 9.0586e-02, PNorm = 47.0503, GNorm = 1.3797, lr_0 = 2.0649e-04
Loss = 9.2942e-02, PNorm = 47.0618, GNorm = 1.0894, lr_0 = 2.0568e-04
Loss = 7.6262e-02, PNorm = 47.0729, GNorm = 0.6716, lr_0 = 2.0487e-04
Loss = 8.6544e-02, PNorm = 47.0832, GNorm = 1.2848, lr_0 = 2.0406e-04
Loss = 9.9882e-02, PNorm = 47.0912, GNorm = 1.9099, lr_0 = 2.0326e-04
Validation mcc = 0.714126
Epoch 35
Loss = 1.4819e-01, PNorm = 47.1022, GNorm = 1.8011, lr_0 = 2.0239e-04
Loss = 7.9204e-02, PNorm = 47.1122, GNorm = 0.6101, lr_0 = 2.0159e-04
Loss = 7.7331e-02, PNorm = 47.1210, GNorm = 1.6301, lr_0 = 2.0080e-04
Loss = 7.1744e-02, PNorm = 47.1310, GNorm = 0.6583, lr_0 = 2.0001e-04
Loss = 6.7678e-02, PNorm = 47.1416, GNorm = 0.8212, lr_0 = 1.9923e-04
Loss = 7.5335e-02, PNorm = 47.1526, GNorm = 1.0629, lr_0 = 1.9845e-04
Loss = 8.2775e-02, PNorm = 47.1619, GNorm = 0.9227, lr_0 = 1.9767e-04
Loss = 8.4113e-02, PNorm = 47.1706, GNorm = 0.8944, lr_0 = 1.9689e-04
Loss = 8.1503e-02, PNorm = 47.1821, GNorm = 2.3839, lr_0 = 1.9612e-04
Loss = 9.5328e-02, PNorm = 47.1920, GNorm = 1.5474, lr_0 = 1.9535e-04
Loss = 7.7418e-02, PNorm = 47.2010, GNorm = 1.0726, lr_0 = 1.9458e-04
Loss = 7.9800e-02, PNorm = 47.2131, GNorm = 3.3812, lr_0 = 1.9382e-04
Loss = 6.9896e-02, PNorm = 47.2237, GNorm = 0.6663, lr_0 = 1.9306e-04
Validation mcc = 0.728251
Epoch 36
Loss = 8.3925e-02, PNorm = 47.2301, GNorm = 0.9262, lr_0 = 1.9230e-04
Loss = 7.4388e-02, PNorm = 47.2371, GNorm = 0.8380, lr_0 = 1.9155e-04
Loss = 6.1001e-02, PNorm = 47.2479, GNorm = 1.3729, lr_0 = 1.9079e-04
Loss = 6.8230e-02, PNorm = 47.2601, GNorm = 0.7987, lr_0 = 1.9005e-04
Loss = 8.4527e-02, PNorm = 47.2702, GNorm = 1.4651, lr_0 = 1.8930e-04
Loss = 6.4189e-02, PNorm = 47.2793, GNorm = 1.5842, lr_0 = 1.8856e-04
Loss = 6.4813e-02, PNorm = 47.2879, GNorm = 1.1551, lr_0 = 1.8782e-04
Loss = 9.1862e-02, PNorm = 47.2989, GNorm = 1.1217, lr_0 = 1.8708e-04
Loss = 6.8288e-02, PNorm = 47.3107, GNorm = 0.8493, lr_0 = 1.8635e-04
Loss = 1.0062e-01, PNorm = 47.3172, GNorm = 1.0333, lr_0 = 1.8562e-04
Loss = 4.8626e-02, PNorm = 47.3259, GNorm = 2.5708, lr_0 = 1.8489e-04
Loss = 9.2109e-02, PNorm = 47.3362, GNorm = 0.8101, lr_0 = 1.8416e-04
Validation mcc = 0.740086
Epoch 37
Loss = 8.2869e-02, PNorm = 47.3450, GNorm = 1.9522, lr_0 = 1.8337e-04
Loss = 7.8420e-02, PNorm = 47.3538, GNorm = 1.5340, lr_0 = 1.8265e-04
Loss = 5.9726e-02, PNorm = 47.3605, GNorm = 0.5579, lr_0 = 1.8193e-04
Loss = 7.2058e-02, PNorm = 47.3685, GNorm = 1.9706, lr_0 = 1.8122e-04
Loss = 7.3878e-02, PNorm = 47.3780, GNorm = 0.8511, lr_0 = 1.8050e-04
Loss = 8.5842e-02, PNorm = 47.3869, GNorm = 0.6429, lr_0 = 1.7980e-04
Loss = 6.0398e-02, PNorm = 47.3959, GNorm = 1.0272, lr_0 = 1.7909e-04
Loss = 7.4548e-02, PNorm = 47.4062, GNorm = 1.4711, lr_0 = 1.7839e-04
Loss = 6.1972e-02, PNorm = 47.4163, GNorm = 0.6613, lr_0 = 1.7769e-04
Loss = 8.3249e-02, PNorm = 47.4272, GNorm = 2.0310, lr_0 = 1.7699e-04
Loss = 7.7839e-02, PNorm = 47.4356, GNorm = 2.4320, lr_0 = 1.7630e-04
Loss = 7.3180e-02, PNorm = 47.4437, GNorm = 0.9097, lr_0 = 1.7560e-04
Validation mcc = 0.736024
Epoch 38
Loss = 1.2058e-01, PNorm = 47.4500, GNorm = 2.4940, lr_0 = 1.7492e-04
Loss = 9.6331e-02, PNorm = 47.4565, GNorm = 0.5294, lr_0 = 1.7423e-04
Loss = 5.2363e-02, PNorm = 47.4651, GNorm = 0.7601, lr_0 = 1.7355e-04
Loss = 5.6315e-02, PNorm = 47.4747, GNorm = 0.4713, lr_0 = 1.7286e-04
Loss = 7.6559e-02, PNorm = 47.4833, GNorm = 1.7651, lr_0 = 1.7219e-04
Loss = 7.0440e-02, PNorm = 47.4909, GNorm = 1.3288, lr_0 = 1.7151e-04
Loss = 6.3527e-02, PNorm = 47.4991, GNorm = 0.8245, lr_0 = 1.7084e-04
Loss = 8.0057e-02, PNorm = 47.5090, GNorm = 1.3138, lr_0 = 1.7017e-04
Loss = 7.1927e-02, PNorm = 47.5184, GNorm = 0.6816, lr_0 = 1.6950e-04
Loss = 6.0063e-02, PNorm = 47.5288, GNorm = 1.0120, lr_0 = 1.6883e-04
Loss = 5.6034e-02, PNorm = 47.5361, GNorm = 1.4947, lr_0 = 1.6817e-04
Loss = 7.2135e-02, PNorm = 47.5421, GNorm = 1.0212, lr_0 = 1.6751e-04
Validation mcc = 0.742660
Epoch 39
Loss = 6.3912e-02, PNorm = 47.5492, GNorm = 1.7321, lr_0 = 1.6679e-04
Loss = 4.9311e-02, PNorm = 47.5585, GNorm = 0.8382, lr_0 = 1.6613e-04
Loss = 6.2214e-02, PNorm = 47.5670, GNorm = 1.0239, lr_0 = 1.6548e-04
Loss = 6.9894e-02, PNorm = 47.5742, GNorm = 1.2718, lr_0 = 1.6483e-04
Loss = 6.8509e-02, PNorm = 47.5808, GNorm = 1.1393, lr_0 = 1.6419e-04
Loss = 5.4057e-02, PNorm = 47.5899, GNorm = 1.1583, lr_0 = 1.6354e-04
Loss = 5.9084e-02, PNorm = 47.5987, GNorm = 1.0669, lr_0 = 1.6290e-04
Loss = 6.6601e-02, PNorm = 47.6077, GNorm = 0.7996, lr_0 = 1.6226e-04
Loss = 5.8757e-02, PNorm = 47.6154, GNorm = 0.4748, lr_0 = 1.6162e-04
Loss = 5.8892e-02, PNorm = 47.6234, GNorm = 1.1498, lr_0 = 1.6099e-04
Loss = 5.6870e-02, PNorm = 47.6301, GNorm = 1.4138, lr_0 = 1.6036e-04
Loss = 1.0286e-01, PNorm = 47.6377, GNorm = 1.8875, lr_0 = 1.5973e-04
Loss = 7.6126e-02, PNorm = 47.6480, GNorm = 1.2252, lr_0 = 1.5910e-04
Validation mcc = 0.738627
Epoch 40
Loss = 4.3088e-02, PNorm = 47.6567, GNorm = 1.3473, lr_0 = 1.5848e-04
Loss = 6.8380e-02, PNorm = 47.6658, GNorm = 0.9124, lr_0 = 1.5785e-04
Loss = 5.4780e-02, PNorm = 47.6738, GNorm = 1.0145, lr_0 = 1.5724e-04
Loss = 4.3121e-02, PNorm = 47.6815, GNorm = 1.1156, lr_0 = 1.5662e-04
Loss = 6.9027e-02, PNorm = 47.6908, GNorm = 0.8437, lr_0 = 1.5600e-04
Loss = 6.0193e-02, PNorm = 47.6989, GNorm = 0.4240, lr_0 = 1.5539e-04
Loss = 7.8193e-02, PNorm = 47.7075, GNorm = 2.1454, lr_0 = 1.5478e-04
Loss = 8.8571e-02, PNorm = 47.7131, GNorm = 1.5860, lr_0 = 1.5417e-04
Loss = 7.1765e-02, PNorm = 47.7189, GNorm = 0.7342, lr_0 = 1.5357e-04
Loss = 7.6074e-02, PNorm = 47.7253, GNorm = 1.5951, lr_0 = 1.5297e-04
Loss = 9.5863e-02, PNorm = 47.7326, GNorm = 1.2305, lr_0 = 1.5237e-04
Loss = 5.3780e-02, PNorm = 47.7386, GNorm = 0.9491, lr_0 = 1.5177e-04
Validation mcc = 0.724860
Epoch 41
Loss = 6.9722e-02, PNorm = 47.7457, GNorm = 1.3353, lr_0 = 1.5111e-04
Loss = 4.5417e-02, PNorm = 47.7526, GNorm = 1.0964, lr_0 = 1.5052e-04
Loss = 6.3037e-02, PNorm = 47.7619, GNorm = 1.0885, lr_0 = 1.4993e-04
Loss = 5.2131e-02, PNorm = 47.7699, GNorm = 0.5246, lr_0 = 1.4934e-04
Loss = 5.6099e-02, PNorm = 47.7775, GNorm = 1.0233, lr_0 = 1.4876e-04
Loss = 6.4315e-02, PNorm = 47.7849, GNorm = 2.6510, lr_0 = 1.4817e-04
Loss = 7.5194e-02, PNorm = 47.7913, GNorm = 2.9468, lr_0 = 1.4759e-04
Loss = 7.3815e-02, PNorm = 47.7979, GNorm = 0.6718, lr_0 = 1.4701e-04
Loss = 6.7470e-02, PNorm = 47.8049, GNorm = 0.9057, lr_0 = 1.4643e-04
Loss = 6.9456e-02, PNorm = 47.8107, GNorm = 0.5617, lr_0 = 1.4586e-04
Loss = 7.8864e-02, PNorm = 47.8190, GNorm = 2.2069, lr_0 = 1.4529e-04
Loss = 5.3218e-02, PNorm = 47.8263, GNorm = 1.1820, lr_0 = 1.4472e-04
Validation mcc = 0.733974
Epoch 42
Loss = 4.5184e-02, PNorm = 47.8321, GNorm = 2.0784, lr_0 = 1.4415e-04
Loss = 7.0160e-02, PNorm = 47.8390, GNorm = 0.9136, lr_0 = 1.4358e-04
Loss = 5.5308e-02, PNorm = 47.8451, GNorm = 1.9694, lr_0 = 1.4302e-04
Loss = 6.0106e-02, PNorm = 47.8528, GNorm = 1.2999, lr_0 = 1.4246e-04
Loss = 6.3945e-02, PNorm = 47.8609, GNorm = 0.8564, lr_0 = 1.4190e-04
Loss = 5.1442e-02, PNorm = 47.8679, GNorm = 0.3682, lr_0 = 1.4134e-04
Loss = 5.2130e-02, PNorm = 47.8747, GNorm = 0.9808, lr_0 = 1.4079e-04
Loss = 6.1293e-02, PNorm = 47.8818, GNorm = 2.5675, lr_0 = 1.4024e-04
Loss = 5.3379e-02, PNorm = 47.8866, GNorm = 1.3681, lr_0 = 1.3969e-04
Loss = 7.8622e-02, PNorm = 47.8907, GNorm = 0.8697, lr_0 = 1.3914e-04
Loss = 5.5261e-02, PNorm = 47.8954, GNorm = 1.1735, lr_0 = 1.3859e-04
Loss = 8.2615e-02, PNorm = 47.9027, GNorm = 3.0009, lr_0 = 1.3805e-04
Loss = 7.0566e-02, PNorm = 47.9091, GNorm = 1.4280, lr_0 = 1.3751e-04
Validation mcc = 0.727443
Epoch 43
Loss = 6.1527e-02, PNorm = 47.9163, GNorm = 1.7156, lr_0 = 1.3697e-04
Loss = 5.0225e-02, PNorm = 47.9225, GNorm = 0.8628, lr_0 = 1.3643e-04
Loss = 5.4279e-02, PNorm = 47.9293, GNorm = 1.6787, lr_0 = 1.3589e-04
Loss = 8.0616e-02, PNorm = 47.9350, GNorm = 1.3501, lr_0 = 1.3536e-04
Loss = 6.9783e-02, PNorm = 47.9416, GNorm = 1.3522, lr_0 = 1.3483e-04
Loss = 6.0222e-02, PNorm = 47.9488, GNorm = 0.8819, lr_0 = 1.3430e-04
Loss = 6.5624e-02, PNorm = 47.9548, GNorm = 2.3943, lr_0 = 1.3377e-04
Loss = 5.3664e-02, PNorm = 47.9617, GNorm = 1.4702, lr_0 = 1.3325e-04
Loss = 3.6415e-02, PNorm = 47.9686, GNorm = 1.9090, lr_0 = 1.3272e-04
Loss = 4.4462e-02, PNorm = 47.9745, GNorm = 1.1029, lr_0 = 1.3220e-04
Loss = 5.9562e-02, PNorm = 47.9807, GNorm = 1.1490, lr_0 = 1.3168e-04
Loss = 5.8957e-02, PNorm = 47.9865, GNorm = 2.7958, lr_0 = 1.3117e-04
Validation mcc = 0.744840
Epoch 44
Loss = 6.2142e-02, PNorm = 47.9940, GNorm = 2.2342, lr_0 = 1.3060e-04
Loss = 5.7467e-02, PNorm = 48.0002, GNorm = 1.1398, lr_0 = 1.3009e-04
Loss = 4.9780e-02, PNorm = 48.0069, GNorm = 1.1138, lr_0 = 1.2958e-04
Loss = 4.8311e-02, PNorm = 48.0129, GNorm = 1.6700, lr_0 = 1.2907e-04
Loss = 5.3420e-02, PNorm = 48.0188, GNorm = 1.5621, lr_0 = 1.2856e-04
Loss = 5.6250e-02, PNorm = 48.0244, GNorm = 0.6019, lr_0 = 1.2806e-04
Loss = 4.6294e-02, PNorm = 48.0309, GNorm = 1.0605, lr_0 = 1.2756e-04
Loss = 6.1166e-02, PNorm = 48.0372, GNorm = 1.5087, lr_0 = 1.2706e-04
Loss = 4.7500e-02, PNorm = 48.0421, GNorm = 0.8480, lr_0 = 1.2656e-04
Loss = 5.1522e-02, PNorm = 48.0470, GNorm = 1.1355, lr_0 = 1.2606e-04
Loss = 5.4074e-02, PNorm = 48.0532, GNorm = 1.0675, lr_0 = 1.2557e-04
Loss = 5.6875e-02, PNorm = 48.0597, GNorm = 0.8757, lr_0 = 1.2507e-04
Validation mcc = 0.735569
Epoch 45
Loss = 3.5493e-02, PNorm = 48.0650, GNorm = 1.3504, lr_0 = 1.2458e-04
Loss = 4.9036e-02, PNorm = 48.0714, GNorm = 0.3393, lr_0 = 1.2409e-04
Loss = 6.5506e-02, PNorm = 48.0760, GNorm = 1.1845, lr_0 = 1.2361e-04
Loss = 4.8317e-02, PNorm = 48.0811, GNorm = 0.7294, lr_0 = 1.2312e-04
Loss = 6.2324e-02, PNorm = 48.0861, GNorm = 2.0753, lr_0 = 1.2264e-04
Loss = 4.3629e-02, PNorm = 48.0926, GNorm = 1.5636, lr_0 = 1.2216e-04
Loss = 4.8530e-02, PNorm = 48.0993, GNorm = 0.8094, lr_0 = 1.2168e-04
Loss = 4.5680e-02, PNorm = 48.1041, GNorm = 0.2945, lr_0 = 1.2120e-04
Loss = 5.0280e-02, PNorm = 48.1101, GNorm = 0.9561, lr_0 = 1.2072e-04
Loss = 7.0912e-02, PNorm = 48.1165, GNorm = 0.7845, lr_0 = 1.2025e-04
Loss = 6.1395e-02, PNorm = 48.1228, GNorm = 1.1860, lr_0 = 1.1978e-04
Loss = 4.5511e-02, PNorm = 48.1283, GNorm = 0.4527, lr_0 = 1.1931e-04
Validation mcc = 0.728624
Epoch 46
Loss = 7.0171e-02, PNorm = 48.1341, GNorm = 0.5912, lr_0 = 1.1879e-04
Loss = 5.2496e-02, PNorm = 48.1376, GNorm = 0.5945, lr_0 = 1.1833e-04
Loss = 4.9974e-02, PNorm = 48.1423, GNorm = 0.7884, lr_0 = 1.1786e-04
Loss = 4.2577e-02, PNorm = 48.1486, GNorm = 2.2847, lr_0 = 1.1740e-04
Loss = 6.8329e-02, PNorm = 48.1561, GNorm = 1.3532, lr_0 = 1.1694e-04
Loss = 3.5509e-02, PNorm = 48.1625, GNorm = 1.0909, lr_0 = 1.1648e-04
Loss = 5.6357e-02, PNorm = 48.1690, GNorm = 1.0391, lr_0 = 1.1602e-04
Loss = 4.3782e-02, PNorm = 48.1749, GNorm = 1.0656, lr_0 = 1.1557e-04
Loss = 5.6257e-02, PNorm = 48.1807, GNorm = 1.3771, lr_0 = 1.1512e-04
Loss = 6.9385e-02, PNorm = 48.1852, GNorm = 0.5302, lr_0 = 1.1466e-04
Loss = 3.5997e-02, PNorm = 48.1901, GNorm = 0.8449, lr_0 = 1.1421e-04
Loss = 3.4459e-02, PNorm = 48.1956, GNorm = 0.8543, lr_0 = 1.1377e-04
Loss = 6.9336e-02, PNorm = 48.2004, GNorm = 3.3446, lr_0 = 1.1332e-04
Validation mcc = 0.754476
Epoch 47
Loss = 3.4254e-02, PNorm = 48.2063, GNorm = 1.4464, lr_0 = 1.1287e-04
Loss = 3.7019e-02, PNorm = 48.2111, GNorm = 2.3214, lr_0 = 1.1243e-04
Loss = 4.3809e-02, PNorm = 48.2161, GNorm = 1.4835, lr_0 = 1.1199e-04
Loss = 5.7544e-02, PNorm = 48.2219, GNorm = 0.8693, lr_0 = 1.1155e-04
Loss = 5.4937e-02, PNorm = 48.2264, GNorm = 1.9984, lr_0 = 1.1111e-04
Loss = 5.1407e-02, PNorm = 48.2312, GNorm = 3.5680, lr_0 = 1.1068e-04
Loss = 5.7415e-02, PNorm = 48.2368, GNorm = 1.6385, lr_0 = 1.1024e-04
Loss = 6.9348e-02, PNorm = 48.2411, GNorm = 1.6663, lr_0 = 1.0981e-04
Loss = 5.8416e-02, PNorm = 48.2460, GNorm = 1.4162, lr_0 = 1.0938e-04
Loss = 4.4959e-02, PNorm = 48.2515, GNorm = 0.4508, lr_0 = 1.0895e-04
Loss = 5.0421e-02, PNorm = 48.2564, GNorm = 1.2527, lr_0 = 1.0852e-04
Loss = 6.1746e-02, PNorm = 48.2611, GNorm = 1.1200, lr_0 = 1.0810e-04
Validation mcc = 0.729440
Epoch 48
Loss = 4.7549e-02, PNorm = 48.2666, GNorm = 1.4083, lr_0 = 1.0763e-04
Loss = 5.7857e-02, PNorm = 48.2721, GNorm = 0.8067, lr_0 = 1.0721e-04
Loss = 3.6765e-02, PNorm = 48.2777, GNorm = 1.3277, lr_0 = 1.0679e-04
Loss = 3.3151e-02, PNorm = 48.2826, GNorm = 0.3721, lr_0 = 1.0637e-04
Loss = 3.4976e-02, PNorm = 48.2873, GNorm = 1.0781, lr_0 = 1.0595e-04
Loss = 4.8595e-02, PNorm = 48.2931, GNorm = 1.2621, lr_0 = 1.0553e-04
Loss = 5.4987e-02, PNorm = 48.2970, GNorm = 2.2178, lr_0 = 1.0512e-04
Loss = 5.4521e-02, PNorm = 48.3020, GNorm = 0.6617, lr_0 = 1.0471e-04
Loss = 4.1040e-02, PNorm = 48.3071, GNorm = 0.7833, lr_0 = 1.0430e-04
Loss = 4.1135e-02, PNorm = 48.3114, GNorm = 1.2616, lr_0 = 1.0389e-04
Loss = 6.2764e-02, PNorm = 48.3154, GNorm = 2.5357, lr_0 = 1.0348e-04
Loss = 4.6760e-02, PNorm = 48.3191, GNorm = 1.5835, lr_0 = 1.0307e-04
Validation mcc = 0.749350
Epoch 49
Loss = 6.3101e-02, PNorm = 48.3225, GNorm = 1.9049, lr_0 = 1.0267e-04
Loss = 4.1176e-02, PNorm = 48.3268, GNorm = 1.1024, lr_0 = 1.0227e-04
Loss = 5.6189e-02, PNorm = 48.3308, GNorm = 0.7276, lr_0 = 1.0187e-04
Loss = 4.9584e-02, PNorm = 48.3356, GNorm = 0.9554, lr_0 = 1.0147e-04
Loss = 4.2208e-02, PNorm = 48.3393, GNorm = 0.8582, lr_0 = 1.0107e-04
Loss = 6.4868e-02, PNorm = 48.3434, GNorm = 1.3219, lr_0 = 1.0067e-04
Loss = 4.3260e-02, PNorm = 48.3482, GNorm = 1.3208, lr_0 = 1.0028e-04
Loss = 3.9613e-02, PNorm = 48.3536, GNorm = 1.5524, lr_0 = 1.0000e-04
Loss = 3.9034e-02, PNorm = 48.3587, GNorm = 0.6642, lr_0 = 1.0000e-04
Loss = 4.2419e-02, PNorm = 48.3638, GNorm = 1.2491, lr_0 = 1.0000e-04
Loss = 3.7782e-02, PNorm = 48.3690, GNorm = 0.8671, lr_0 = 1.0000e-04
Loss = 5.1552e-02, PNorm = 48.3737, GNorm = 0.2085, lr_0 = 1.0000e-04
Validation mcc = 0.747379
Model 0 best validation mcc = 0.754476 on epoch 46
Loading pretrained parameter "encoder.encoder.0.cached_zero_vector".
Loading pretrained parameter "encoder.encoder.0.W_i.weight".
Loading pretrained parameter "encoder.encoder.0.W_h.weight".
Loading pretrained parameter "encoder.encoder.0.W_o.weight".
Loading pretrained parameter "encoder.encoder.0.W_o.bias".
Loading pretrained parameter "ffn.1.weight".
Loading pretrained parameter "ffn.1.bias".
Loading pretrained parameter "ffn.4.weight".
Loading pretrained parameter "ffn.4.bias".
Model 0 test mcc = 0.711351
Ensemble test mcc = 0.711351
Fold 1
Splitting data with seed 1
Class sizes
0 0: 36.36%, 1: 63.64%
Total size = 7,660 | train size = 6,128 | val size = 766 | test size = 766
Building model 0
MoleculeModel(
  (sigmoid): Sigmoid()
  (encoder): MPN(
    (encoder): ModuleList(
      (0): MPNEncoder(
        (dropout_layer): Dropout(p=0.0, inplace=False)
        (act_func): ReLU()
        (W_i): Linear(in_features=147, out_features=300, bias=False)
        (W_h): Linear(in_features=300, out_features=300, bias=False)
        (W_o): Linear(in_features=433, out_features=300, bias=True)
      )
    )
  )
  (ffn): Sequential(
    (0): Dropout(p=0.0, inplace=False)
    (1): Linear(in_features=300, out_features=300, bias=True)
    (2): ReLU()
    (3): Dropout(p=0.0, inplace=False)
    (4): Linear(in_features=300, out_features=1, bias=True)
  )
)
Number of parameters = 355,201
Epoch 0
Loss = 6.4568e-01, PNorm = 34.0119, GNorm = 1.5984, lr_0 = 1.4057e-04
Loss = 6.1801e-01, PNorm = 34.0156, GNorm = 0.4634, lr_0 = 1.7746e-04
Loss = 5.8619e-01, PNorm = 34.0250, GNorm = 0.4749, lr_0 = 2.1434e-04
Loss = 5.9342e-01, PNorm = 34.0370, GNorm = 0.8894, lr_0 = 2.5123e-04
Loss = 5.8379e-01, PNorm = 34.0508, GNorm = 1.5731, lr_0 = 2.8811e-04
Loss = 5.4810e-01, PNorm = 34.0699, GNorm = 2.7100, lr_0 = 3.2500e-04
Loss = 4.8973e-01, PNorm = 34.0952, GNorm = 0.8327, lr_0 = 3.6189e-04
Loss = 5.3128e-01, PNorm = 34.1167, GNorm = 4.2763, lr_0 = 3.9877e-04
Loss = 4.9253e-01, PNorm = 34.1398, GNorm = 2.2693, lr_0 = 4.3566e-04
Loss = 4.8641e-01, PNorm = 34.1630, GNorm = 1.1859, lr_0 = 4.7254e-04
Loss = 5.3782e-01, PNorm = 34.1871, GNorm = 1.8255, lr_0 = 5.0943e-04
Loss = 4.7629e-01, PNorm = 34.2198, GNorm = 0.6842, lr_0 = 5.4631e-04
Validation mcc = 0.578628
Epoch 1
Loss = 4.4280e-01, PNorm = 34.2633, GNorm = 0.7454, lr_0 = 5.8689e-04
Loss = 4.6696e-01, PNorm = 34.2983, GNorm = 1.8189, lr_0 = 6.2377e-04
Loss = 4.4413e-01, PNorm = 34.3484, GNorm = 0.6226, lr_0 = 6.6066e-04
Loss = 4.6259e-01, PNorm = 34.3971, GNorm = 0.4635, lr_0 = 6.9754e-04
Loss = 4.4639e-01, PNorm = 34.4421, GNorm = 1.9976, lr_0 = 7.3443e-04
Loss = 4.6270e-01, PNorm = 34.4856, GNorm = 1.1578, lr_0 = 7.7131e-04
Loss = 4.4953e-01, PNorm = 34.5323, GNorm = 1.5492, lr_0 = 8.0820e-04
Loss = 4.3455e-01, PNorm = 34.5864, GNorm = 1.7184, lr_0 = 8.4508e-04
Loss = 4.4030e-01, PNorm = 34.6378, GNorm = 2.9052, lr_0 = 8.8197e-04
Loss = 4.0985e-01, PNorm = 34.6995, GNorm = 1.1036, lr_0 = 9.1885e-04
Loss = 4.2467e-01, PNorm = 34.7686, GNorm = 1.0070, lr_0 = 9.5574e-04
Loss = 4.2636e-01, PNorm = 34.8459, GNorm = 0.8179, lr_0 = 9.9262e-04
Validation mcc = 0.594550
Epoch 2
Loss = 3.9990e-01, PNorm = 34.9207, GNorm = 2.8273, lr_0 = 9.9686e-04
Loss = 4.1327e-01, PNorm = 34.9841, GNorm = 1.6834, lr_0 = 9.9295e-04
Loss = 4.0690e-01, PNorm = 35.0587, GNorm = 1.5016, lr_0 = 9.8905e-04
Loss = 3.9016e-01, PNorm = 35.1031, GNorm = 1.0092, lr_0 = 9.8517e-04
Loss = 4.3518e-01, PNorm = 35.1653, GNorm = 1.3029, lr_0 = 9.8130e-04
Loss = 3.6385e-01, PNorm = 35.2266, GNorm = 2.1258, lr_0 = 9.7745e-04
Loss = 3.9643e-01, PNorm = 35.3026, GNorm = 1.4605, lr_0 = 9.7362e-04
Loss = 4.0073e-01, PNorm = 35.3559, GNorm = 0.6822, lr_0 = 9.6980e-04
Loss = 4.5027e-01, PNorm = 35.4000, GNorm = 2.3000, lr_0 = 9.6599e-04
Loss = 3.8338e-01, PNorm = 35.4595, GNorm = 2.6756, lr_0 = 9.6220e-04
Loss = 3.9121e-01, PNorm = 35.5171, GNorm = 3.3967, lr_0 = 9.5842e-04
Loss = 4.0667e-01, PNorm = 35.5774, GNorm = 0.7514, lr_0 = 9.5466e-04
Validation mcc = 0.577397
Epoch 3
Loss = 3.5640e-01, PNorm = 35.6529, GNorm = 2.9097, lr_0 = 9.5054e-04
Loss = 3.5625e-01, PNorm = 35.7155, GNorm = 0.6877, lr_0 = 9.4681e-04
Loss = 3.6636e-01, PNorm = 35.7623, GNorm = 1.0024, lr_0 = 9.4310e-04
Loss = 3.5216e-01, PNorm = 35.8203, GNorm = 0.5498, lr_0 = 9.3940e-04
Loss = 4.0523e-01, PNorm = 35.8950, GNorm = 1.1356, lr_0 = 9.3571e-04
Loss = 3.7177e-01, PNorm = 35.9542, GNorm = 2.3779, lr_0 = 9.3204e-04
Loss = 3.8844e-01, PNorm = 36.0049, GNorm = 1.1134, lr_0 = 9.2838e-04
Loss = 3.6641e-01, PNorm = 36.0652, GNorm = 0.7002, lr_0 = 9.2474e-04
Loss = 3.1769e-01, PNorm = 36.1199, GNorm = 0.6644, lr_0 = 9.2111e-04
Loss = 3.9451e-01, PNorm = 36.1564, GNorm = 1.5598, lr_0 = 9.1749e-04
Loss = 3.7464e-01, PNorm = 36.2172, GNorm = 1.9622, lr_0 = 9.1389e-04
Loss = 3.5652e-01, PNorm = 36.2816, GNorm = 1.1318, lr_0 = 9.1031e-04
Loss = 3.4329e-01, PNorm = 36.3395, GNorm = 0.4859, lr_0 = 9.0673e-04
Validation mcc = 0.660075
Epoch 4
Loss = 3.2525e-01, PNorm = 36.4080, GNorm = 1.6030, lr_0 = 9.0317e-04
Loss = 3.5188e-01, PNorm = 36.4765, GNorm = 1.3059, lr_0 = 8.9963e-04
Loss = 3.9885e-01, PNorm = 36.5193, GNorm = 1.1293, lr_0 = 8.9610e-04
Loss = 3.5463e-01, PNorm = 36.5862, GNorm = 0.8618, lr_0 = 8.9258e-04
Loss = 3.4429e-01, PNorm = 36.6487, GNorm = 1.4992, lr_0 = 8.8908e-04
Loss = 3.3828e-01, PNorm = 36.7047, GNorm = 0.6263, lr_0 = 8.8559e-04
Loss = 3.4362e-01, PNorm = 36.7670, GNorm = 1.4994, lr_0 = 8.8212e-04
Loss = 3.2233e-01, PNorm = 36.8326, GNorm = 0.7365, lr_0 = 8.7865e-04
Loss = 3.1896e-01, PNorm = 36.8753, GNorm = 0.7420, lr_0 = 8.7521e-04
Loss = 3.0157e-01, PNorm = 36.9077, GNorm = 0.8098, lr_0 = 8.7177e-04
Loss = 3.1582e-01, PNorm = 36.9442, GNorm = 0.9508, lr_0 = 8.6835e-04
Loss = 3.2911e-01, PNorm = 36.9803, GNorm = 2.3657, lr_0 = 8.6494e-04
Validation mcc = 0.639867
Epoch 5
Loss = 3.8369e-01, PNorm = 37.0188, GNorm = 0.8473, lr_0 = 8.6121e-04
Loss = 3.0117e-01, PNorm = 37.0756, GNorm = 1.7608, lr_0 = 8.5783e-04
Loss = 3.9734e-01, PNorm = 37.1152, GNorm = 1.3924, lr_0 = 8.5446e-04
Loss = 2.9049e-01, PNorm = 37.1824, GNorm = 1.0391, lr_0 = 8.5111e-04
Loss = 3.5597e-01, PNorm = 37.2443, GNorm = 0.5961, lr_0 = 8.4777e-04
Loss = 3.1157e-01, PNorm = 37.2987, GNorm = 1.1482, lr_0 = 8.4444e-04
Loss = 2.8598e-01, PNorm = 37.3610, GNorm = 2.1125, lr_0 = 8.4113e-04
Loss = 2.8988e-01, PNorm = 37.4075, GNorm = 1.4599, lr_0 = 8.3783e-04
Loss = 3.2831e-01, PNorm = 37.4503, GNorm = 2.3695, lr_0 = 8.3454e-04
Loss = 2.9001e-01, PNorm = 37.5013, GNorm = 0.6859, lr_0 = 8.3127e-04
Loss = 2.8010e-01, PNorm = 37.5598, GNorm = 0.8844, lr_0 = 8.2800e-04
Loss = 3.6826e-01, PNorm = 37.6063, GNorm = 0.5097, lr_0 = 8.2476e-04
Validation mcc = 0.674136
Epoch 6
Loss = 3.1480e-01, PNorm = 37.6497, GNorm = 1.0357, lr_0 = 8.2152e-04
Loss = 2.9185e-01, PNorm = 37.7193, GNorm = 0.7424, lr_0 = 8.1829e-04
Loss = 3.4118e-01, PNorm = 37.7722, GNorm = 1.8017, lr_0 = 8.1508e-04
Loss = 2.7961e-01, PNorm = 37.8043, GNorm = 0.8308, lr_0 = 8.1189e-04
Loss = 2.8464e-01, PNorm = 37.8479, GNorm = 1.3263, lr_0 = 8.0870e-04
Loss = 3.0345e-01, PNorm = 37.8983, GNorm = 2.4418, lr_0 = 8.0553e-04
Loss = 3.4312e-01, PNorm = 37.9411, GNorm = 1.6807, lr_0 = 8.0236e-04
Loss = 3.3025e-01, PNorm = 37.9783, GNorm = 0.8118, lr_0 = 7.9922e-04
Loss = 2.7800e-01, PNorm = 38.0277, GNorm = 0.7852, lr_0 = 7.9608e-04
Loss = 3.2365e-01, PNorm = 38.0842, GNorm = 1.6152, lr_0 = 7.9296e-04
Loss = 2.9310e-01, PNorm = 38.1277, GNorm = 0.7937, lr_0 = 7.8984e-04
Loss = 2.9917e-01, PNorm = 38.1651, GNorm = 1.1517, lr_0 = 7.8674e-04
Validation mcc = 0.650156
Epoch 7
Loss = 3.4743e-01, PNorm = 38.2102, GNorm = 1.4448, lr_0 = 7.8335e-04
Loss = 2.5244e-01, PNorm = 38.2620, GNorm = 1.0704, lr_0 = 7.8027e-04
Loss = 2.6777e-01, PNorm = 38.3250, GNorm = 0.5687, lr_0 = 7.7721e-04
Loss = 2.8644e-01, PNorm = 38.3910, GNorm = 3.0145, lr_0 = 7.7416e-04
Loss = 3.2197e-01, PNorm = 38.4336, GNorm = 1.2696, lr_0 = 7.7112e-04
Loss = 2.6325e-01, PNorm = 38.4797, GNorm = 0.8316, lr_0 = 7.6810e-04
Loss = 2.9647e-01, PNorm = 38.5206, GNorm = 0.5044, lr_0 = 7.6508e-04
Loss = 2.9427e-01, PNorm = 38.5770, GNorm = 1.5052, lr_0 = 7.6208e-04
Loss = 3.0364e-01, PNorm = 38.6245, GNorm = 1.0335, lr_0 = 7.5909e-04
Loss = 2.8789e-01, PNorm = 38.6556, GNorm = 0.7569, lr_0 = 7.5611e-04
Loss = 3.2878e-01, PNorm = 38.6892, GNorm = 1.7331, lr_0 = 7.5314e-04
Loss = 3.1857e-01, PNorm = 38.7231, GNorm = 0.7053, lr_0 = 7.5019e-04
Loss = 2.9519e-01, PNorm = 38.7625, GNorm = 1.3476, lr_0 = 7.4725e-04
Validation mcc = 0.680156
Epoch 8
Loss = 2.3880e-01, PNorm = 38.8003, GNorm = 1.1561, lr_0 = 7.4431e-04
Loss = 2.6149e-01, PNorm = 38.8479, GNorm = 0.8003, lr_0 = 7.4139e-04
Loss = 2.8809e-01, PNorm = 38.8916, GNorm = 0.7348, lr_0 = 7.3848e-04
Loss = 3.2095e-01, PNorm = 38.9371, GNorm = 1.7667, lr_0 = 7.3558e-04
Loss = 2.3580e-01, PNorm = 38.9968, GNorm = 0.8027, lr_0 = 7.3270e-04
Loss = 2.6484e-01, PNorm = 39.0548, GNorm = 1.4474, lr_0 = 7.2982e-04
Loss = 2.3993e-01, PNorm = 39.1038, GNorm = 1.1649, lr_0 = 7.2696e-04
Loss = 2.8446e-01, PNorm = 39.1457, GNorm = 1.3801, lr_0 = 7.2411e-04
Loss = 3.2275e-01, PNorm = 39.1754, GNorm = 1.9902, lr_0 = 7.2126e-04
Loss = 3.0992e-01, PNorm = 39.2101, GNorm = 1.4930, lr_0 = 7.1843e-04
Loss = 2.5743e-01, PNorm = 39.2569, GNorm = 0.7396, lr_0 = 7.1561e-04
Loss = 2.9248e-01, PNorm = 39.2911, GNorm = 1.1931, lr_0 = 7.1281e-04
Validation mcc = 0.677716
Epoch 9
Loss = 2.6978e-01, PNorm = 39.3231, GNorm = 1.0076, lr_0 = 7.1001e-04
Loss = 2.6346e-01, PNorm = 39.3529, GNorm = 0.6972, lr_0 = 7.0722e-04
Loss = 2.3242e-01, PNorm = 39.3977, GNorm = 0.7318, lr_0 = 7.0445e-04
Loss = 2.1890e-01, PNorm = 39.4419, GNorm = 0.9027, lr_0 = 7.0168e-04
Loss = 3.0888e-01, PNorm = 39.4801, GNorm = 0.9058, lr_0 = 6.9893e-04
Loss = 2.8283e-01, PNorm = 39.5361, GNorm = 0.6877, lr_0 = 6.9619e-04
Loss = 3.1920e-01, PNorm = 39.5860, GNorm = 1.2686, lr_0 = 6.9345e-04
Loss = 2.8404e-01, PNorm = 39.6339, GNorm = 2.0893, lr_0 = 6.9073e-04
Loss = 2.8762e-01, PNorm = 39.6741, GNorm = 1.3539, lr_0 = 6.8802e-04
Loss = 3.1825e-01, PNorm = 39.7126, GNorm = 0.9176, lr_0 = 6.8532e-04
Loss = 2.6798e-01, PNorm = 39.7649, GNorm = 0.6558, lr_0 = 6.8263e-04
Loss = 2.8472e-01, PNorm = 39.7979, GNorm = 0.9869, lr_0 = 6.7995e-04
Validation mcc = 0.706084
Epoch 10
Loss = 1.6122e-01, PNorm = 39.8564, GNorm = 1.2273, lr_0 = 6.7702e-04
Loss = 2.8234e-01, PNorm = 39.9125, GNorm = 1.5605, lr_0 = 6.7436e-04
Loss = 2.4162e-01, PNorm = 39.9568, GNorm = 1.6245, lr_0 = 6.7172e-04
Loss = 2.7042e-01, PNorm = 39.9985, GNorm = 0.9031, lr_0 = 6.6908e-04
Loss = 2.6472e-01, PNorm = 40.0339, GNorm = 1.3050, lr_0 = 6.6645e-04
Loss = 2.4157e-01, PNorm = 40.0721, GNorm = 0.9512, lr_0 = 6.6384e-04
Loss = 2.2017e-01, PNorm = 40.1036, GNorm = 1.6054, lr_0 = 6.6123e-04
Loss = 2.7354e-01, PNorm = 40.1402, GNorm = 1.1790, lr_0 = 6.5864e-04
Loss = 2.6070e-01, PNorm = 40.1699, GNorm = 0.6520, lr_0 = 6.5605e-04
Loss = 2.5211e-01, PNorm = 40.2025, GNorm = 0.7822, lr_0 = 6.5348e-04
Loss = 2.4816e-01, PNorm = 40.2419, GNorm = 0.8555, lr_0 = 6.5092e-04
Loss = 2.6259e-01, PNorm = 40.2715, GNorm = 0.9878, lr_0 = 6.4836e-04
Validation mcc = 0.675387
Epoch 11
Loss = 1.7539e-01, PNorm = 40.2982, GNorm = 0.3974, lr_0 = 6.4582e-04
Loss = 2.1775e-01, PNorm = 40.3409, GNorm = 0.7290, lr_0 = 6.4328e-04
Loss = 2.5847e-01, PNorm = 40.3763, GNorm = 0.5224, lr_0 = 6.4076e-04
Loss = 2.6070e-01, PNorm = 40.4139, GNorm = 1.1637, lr_0 = 6.3824e-04
Loss = 1.9312e-01, PNorm = 40.4629, GNorm = 0.5270, lr_0 = 6.3574e-04
Loss = 2.4917e-01, PNorm = 40.5032, GNorm = 1.7621, lr_0 = 6.3324e-04
Loss = 2.7908e-01, PNorm = 40.5317, GNorm = 1.5850, lr_0 = 6.3076e-04
Loss = 2.8894e-01, PNorm = 40.5628, GNorm = 0.7600, lr_0 = 6.2828e-04
Loss = 2.4355e-01, PNorm = 40.5975, GNorm = 0.6364, lr_0 = 6.2582e-04
Loss = 2.3308e-01, PNorm = 40.6494, GNorm = 0.9341, lr_0 = 6.2336e-04
Loss = 2.1705e-01, PNorm = 40.6899, GNorm = 1.4459, lr_0 = 6.2092e-04
Loss = 1.8769e-01, PNorm = 40.7354, GNorm = 1.3569, lr_0 = 6.1848e-04
Loss = 2.3296e-01, PNorm = 40.7794, GNorm = 1.3096, lr_0 = 6.1605e-04
Loss = 1.9473e-01, PNorm = 40.7830, GNorm = 1.5070, lr_0 = 6.1581e-04
Validation mcc = 0.690882
Epoch 12
Loss = 2.3318e-01, PNorm = 40.8231, GNorm = 0.9725, lr_0 = 6.1339e-04
Loss = 2.3014e-01, PNorm = 40.8593, GNorm = 0.8815, lr_0 = 6.1099e-04
Loss = 2.5191e-01, PNorm = 40.8954, GNorm = 1.3070, lr_0 = 6.0859e-04
Loss = 2.2683e-01, PNorm = 40.9307, GNorm = 0.9453, lr_0 = 6.0620e-04
Loss = 2.1453e-01, PNorm = 40.9663, GNorm = 0.8538, lr_0 = 6.0382e-04
Loss = 2.5919e-01, PNorm = 41.0064, GNorm = 1.2546, lr_0 = 6.0145e-04
Loss = 2.6412e-01, PNorm = 41.0482, GNorm = 1.6846, lr_0 = 5.9909e-04
Loss = 2.2999e-01, PNorm = 41.0838, GNorm = 1.0203, lr_0 = 5.9674e-04
Loss = 2.3533e-01, PNorm = 41.1282, GNorm = 0.9758, lr_0 = 5.9440e-04
Loss = 2.2563e-01, PNorm = 41.1672, GNorm = 1.2803, lr_0 = 5.9207e-04
Loss = 2.3906e-01, PNorm = 41.1967, GNorm = 0.8066, lr_0 = 5.8974e-04
Loss = 2.1533e-01, PNorm = 41.2275, GNorm = 0.8950, lr_0 = 5.8743e-04
Validation mcc = 0.703340
Epoch 13
Loss = 2.3195e-01, PNorm = 41.2614, GNorm = 1.1569, lr_0 = 5.8512e-04
Loss = 2.3245e-01, PNorm = 41.2992, GNorm = 1.3047, lr_0 = 5.8283e-04
Loss = 2.1610e-01, PNorm = 41.3343, GNorm = 1.0758, lr_0 = 5.8054e-04
Loss = 2.1327e-01, PNorm = 41.3775, GNorm = 1.0431, lr_0 = 5.7826e-04
Loss = 1.8940e-01, PNorm = 41.4158, GNorm = 0.6684, lr_0 = 5.7599e-04
Loss = 2.2903e-01, PNorm = 41.4607, GNorm = 0.9018, lr_0 = 5.7373e-04
Loss = 2.1444e-01, PNorm = 41.4882, GNorm = 0.5995, lr_0 = 5.7148e-04
Loss = 2.0784e-01, PNorm = 41.5087, GNorm = 1.2819, lr_0 = 5.6924e-04
Loss = 2.5051e-01, PNorm = 41.5387, GNorm = 0.9654, lr_0 = 5.6700e-04
Loss = 2.9057e-01, PNorm = 41.5591, GNorm = 1.2806, lr_0 = 5.6478e-04
Loss = 2.5100e-01, PNorm = 41.5881, GNorm = 1.4657, lr_0 = 5.6256e-04
Loss = 2.4292e-01, PNorm = 41.6291, GNorm = 0.9883, lr_0 = 5.6035e-04
Validation mcc = 0.715201
Epoch 14
Loss = 2.3027e-01, PNorm = 41.6641, GNorm = 0.7237, lr_0 = 5.5794e-04
Loss = 1.8937e-01, PNorm = 41.6976, GNorm = 0.8544, lr_0 = 5.5575e-04
Loss = 2.2986e-01, PNorm = 41.7322, GNorm = 0.9858, lr_0 = 5.5357e-04
Loss = 1.8677e-01, PNorm = 41.7797, GNorm = 0.4528, lr_0 = 5.5139e-04
Loss = 1.8879e-01, PNorm = 41.8252, GNorm = 0.7593, lr_0 = 5.4923e-04
Loss = 2.3633e-01, PNorm = 41.8588, GNorm = 2.4312, lr_0 = 5.4707e-04
Loss = 2.1372e-01, PNorm = 41.8983, GNorm = 0.8862, lr_0 = 5.4493e-04
Loss = 2.2717e-01, PNorm = 41.9271, GNorm = 1.1641, lr_0 = 5.4279e-04
Loss = 2.8113e-01, PNorm = 41.9432, GNorm = 1.6433, lr_0 = 5.4066e-04
Loss = 1.9466e-01, PNorm = 41.9700, GNorm = 1.5681, lr_0 = 5.3854e-04
Loss = 1.9553e-01, PNorm = 41.9996, GNorm = 1.3208, lr_0 = 5.3642e-04
Loss = 2.5360e-01, PNorm = 42.0281, GNorm = 0.5334, lr_0 = 5.3432e-04
Validation mcc = 0.703828
Epoch 15
Loss = 1.7719e-01, PNorm = 42.0705, GNorm = 0.8383, lr_0 = 5.3222e-04
Loss = 1.8517e-01, PNorm = 42.1067, GNorm = 1.4042, lr_0 = 5.3013e-04
Loss = 1.7937e-01, PNorm = 42.1462, GNorm = 1.1009, lr_0 = 5.2805e-04
Loss = 2.0467e-01, PNorm = 42.1861, GNorm = 1.1995, lr_0 = 5.2598e-04
Loss = 2.3529e-01, PNorm = 42.2338, GNorm = 1.5815, lr_0 = 5.2392e-04
Loss = 2.7856e-01, PNorm = 42.2649, GNorm = 2.2392, lr_0 = 5.2186e-04
Loss = 2.3021e-01, PNorm = 42.3039, GNorm = 0.8021, lr_0 = 5.1981e-04
Loss = 2.5143e-01, PNorm = 42.3407, GNorm = 0.9825, lr_0 = 5.1777e-04
Loss = 2.2152e-01, PNorm = 42.3743, GNorm = 1.1134, lr_0 = 5.1574e-04
Loss = 2.1499e-01, PNorm = 42.4026, GNorm = 1.4359, lr_0 = 5.1372e-04
Loss = 1.8928e-01, PNorm = 42.4334, GNorm = 1.3659, lr_0 = 5.1170e-04
Loss = 1.7836e-01, PNorm = 42.4692, GNorm = 0.6636, lr_0 = 5.0969e-04
Loss = 2.1050e-01, PNorm = 42.4977, GNorm = 0.7720, lr_0 = 5.0769e-04
Loss = 1.9148e-01, PNorm = 42.5015, GNorm = 1.0706, lr_0 = 5.0749e-04
Validation mcc = 0.725680
Epoch 16
Loss = 2.1844e-01, PNorm = 42.5406, GNorm = 1.0320, lr_0 = 5.0550e-04
Loss = 1.9229e-01, PNorm = 42.5721, GNorm = 0.7540, lr_0 = 5.0352e-04
Loss = 1.6449e-01, PNorm = 42.6044, GNorm = 0.9439, lr_0 = 5.0154e-04
Loss = 2.0549e-01, PNorm = 42.6344, GNorm = 0.8850, lr_0 = 4.9957e-04
Loss = 1.8141e-01, PNorm = 42.6677, GNorm = 0.9966, lr_0 = 4.9761e-04
Loss = 1.8678e-01, PNorm = 42.6916, GNorm = 2.2430, lr_0 = 4.9566e-04
Loss = 2.2479e-01, PNorm = 42.7163, GNorm = 1.4888, lr_0 = 4.9372e-04
Loss = 2.2666e-01, PNorm = 42.7404, GNorm = 0.8626, lr_0 = 4.9178e-04
Loss = 1.9358e-01, PNorm = 42.7779, GNorm = 0.5780, lr_0 = 4.8985e-04
Loss = 1.8961e-01, PNorm = 42.8144, GNorm = 1.2112, lr_0 = 4.8793e-04
Loss = 2.0502e-01, PNorm = 42.8437, GNorm = 2.2783, lr_0 = 4.8601e-04
Loss = 2.0446e-01, PNorm = 42.8703, GNorm = 0.5902, lr_0 = 4.8410e-04
Validation mcc = 0.679422
Epoch 17
Loss = 1.5948e-01, PNorm = 42.8996, GNorm = 1.1288, lr_0 = 4.8220e-04
Loss = 1.7159e-01, PNorm = 42.9347, GNorm = 0.8475, lr_0 = 4.8031e-04
Loss = 1.7710e-01, PNorm = 42.9776, GNorm = 1.2015, lr_0 = 4.7843e-04
Loss = 2.1040e-01, PNorm = 43.0065, GNorm = 0.8095, lr_0 = 4.7655e-04
Loss = 2.1936e-01, PNorm = 43.0277, GNorm = 0.7546, lr_0 = 4.7468e-04
Loss = 1.8449e-01, PNorm = 43.0599, GNorm = 0.6644, lr_0 = 4.7282e-04
Loss = 2.1039e-01, PNorm = 43.0838, GNorm = 0.6086, lr_0 = 4.7096e-04
Loss = 1.8160e-01, PNorm = 43.1127, GNorm = 0.7390, lr_0 = 4.6911e-04
Loss = 1.8001e-01, PNorm = 43.1480, GNorm = 1.4602, lr_0 = 4.6727e-04
Loss = 1.4340e-01, PNorm = 43.1763, GNorm = 0.7219, lr_0 = 4.6544e-04
Loss = 1.8742e-01, PNorm = 43.2038, GNorm = 1.0918, lr_0 = 4.6361e-04
Loss = 1.9562e-01, PNorm = 43.2216, GNorm = 0.8652, lr_0 = 4.6179e-04
Validation mcc = 0.700568
Epoch 18
Loss = 1.4681e-01, PNorm = 43.2512, GNorm = 0.9004, lr_0 = 4.5998e-04
Loss = 1.5682e-01, PNorm = 43.2809, GNorm = 1.0036, lr_0 = 4.5818e-04
Loss = 1.8269e-01, PNorm = 43.3096, GNorm = 2.0280, lr_0 = 4.5638e-04
Loss = 2.0469e-01, PNorm = 43.3430, GNorm = 0.9406, lr_0 = 4.5459e-04
Loss = 1.8724e-01, PNorm = 43.3677, GNorm = 1.8576, lr_0 = 4.5280e-04
Loss = 1.5885e-01, PNorm = 43.3966, GNorm = 2.6206, lr_0 = 4.5103e-04
Loss = 1.8643e-01, PNorm = 43.4325, GNorm = 1.4690, lr_0 = 4.4926e-04
Loss = 1.9685e-01, PNorm = 43.4568, GNorm = 0.7241, lr_0 = 4.4749e-04
Loss = 1.6375e-01, PNorm = 43.4831, GNorm = 0.5534, lr_0 = 4.4574e-04
Loss = 1.7193e-01, PNorm = 43.5137, GNorm = 0.8299, lr_0 = 4.4399e-04
Loss = 1.9568e-01, PNorm = 43.5354, GNorm = 0.7954, lr_0 = 4.4224e-04
Loss = 1.8246e-01, PNorm = 43.5619, GNorm = 1.6538, lr_0 = 4.4051e-04
Validation mcc = 0.688303
Epoch 19
Loss = 1.7871e-01, PNorm = 43.5859, GNorm = 0.9633, lr_0 = 4.3861e-04
Loss = 2.1404e-01, PNorm = 43.6109, GNorm = 0.7940, lr_0 = 4.3689e-04
Loss = 1.8522e-01, PNorm = 43.6349, GNorm = 1.1831, lr_0 = 4.3517e-04
Loss = 1.9093e-01, PNorm = 43.6605, GNorm = 1.8220, lr_0 = 4.3346e-04
Loss = 1.8386e-01, PNorm = 43.6896, GNorm = 0.7254, lr_0 = 4.3176e-04
Loss = 1.5712e-01, PNorm = 43.7202, GNorm = 1.1172, lr_0 = 4.3007e-04
Loss = 2.0312e-01, PNorm = 43.7440, GNorm = 0.8654, lr_0 = 4.2838e-04
Loss = 1.9602e-01, PNorm = 43.7604, GNorm = 1.3311, lr_0 = 4.2670e-04
Loss = 1.2313e-01, PNorm = 43.7898, GNorm = 0.5858, lr_0 = 4.2503e-04
Loss = 1.3950e-01, PNorm = 43.8199, GNorm = 0.8666, lr_0 = 4.2336e-04
Loss = 1.6291e-01, PNorm = 43.8461, GNorm = 1.1065, lr_0 = 4.2170e-04
Loss = 1.7138e-01, PNorm = 43.8748, GNorm = 0.8568, lr_0 = 4.2004e-04
Loss = 2.0430e-01, PNorm = 43.9009, GNorm = 1.2238, lr_0 = 4.1839e-04
Validation mcc = 0.692748
Epoch 20
Loss = 1.7256e-01, PNorm = 43.9310, GNorm = 1.1429, lr_0 = 4.1675e-04
Loss = 1.5943e-01, PNorm = 43.9598, GNorm = 0.6393, lr_0 = 4.1512e-04
Loss = 1.4848e-01, PNorm = 43.9943, GNorm = 0.8884, lr_0 = 4.1349e-04
Loss = 1.9050e-01, PNorm = 44.0229, GNorm = 1.3387, lr_0 = 4.1186e-04
Loss = 1.6896e-01, PNorm = 44.0454, GNorm = 0.9069, lr_0 = 4.1025e-04
Loss = 1.6294e-01, PNorm = 44.0706, GNorm = 0.6262, lr_0 = 4.0864e-04
Loss = 1.8270e-01, PNorm = 44.0989, GNorm = 1.6170, lr_0 = 4.0703e-04
Loss = 1.5817e-01, PNorm = 44.1264, GNorm = 1.3761, lr_0 = 4.0544e-04
Loss = 1.5663e-01, PNorm = 44.1539, GNorm = 1.3329, lr_0 = 4.0385e-04
Loss = 1.9131e-01, PNorm = 44.1699, GNorm = 1.0016, lr_0 = 4.0226e-04
Loss = 1.6491e-01, PNorm = 44.1817, GNorm = 0.8732, lr_0 = 4.0068e-04
Loss = 1.8193e-01, PNorm = 44.1949, GNorm = 1.3171, lr_0 = 3.9911e-04
Validation mcc = 0.712495
Epoch 21
Loss = 1.3495e-01, PNorm = 44.2210, GNorm = 1.3709, lr_0 = 3.9739e-04
Loss = 1.2800e-01, PNorm = 44.2496, GNorm = 1.2321, lr_0 = 3.9583e-04
Loss = 1.4744e-01, PNorm = 44.2824, GNorm = 1.4504, lr_0 = 3.9427e-04
Loss = 1.6750e-01, PNorm = 44.3093, GNorm = 1.7440, lr_0 = 3.9273e-04
Loss = 1.3161e-01, PNorm = 44.3311, GNorm = 0.6237, lr_0 = 3.9119e-04
Loss = 1.7761e-01, PNorm = 44.3510, GNorm = 2.2844, lr_0 = 3.8965e-04
Loss = 1.5733e-01, PNorm = 44.3697, GNorm = 1.9501, lr_0 = 3.8812e-04
Loss = 1.7303e-01, PNorm = 44.3846, GNorm = 1.2427, lr_0 = 3.8660e-04
Loss = 1.4464e-01, PNorm = 44.3989, GNorm = 1.7012, lr_0 = 3.8508e-04
Loss = 1.9635e-01, PNorm = 44.4203, GNorm = 1.3843, lr_0 = 3.8357e-04
Loss = 1.8907e-01, PNorm = 44.4474, GNorm = 1.2773, lr_0 = 3.8207e-04
Loss = 1.5789e-01, PNorm = 44.4708, GNorm = 2.3450, lr_0 = 3.8057e-04
Validation mcc = 0.668177
Epoch 22
Loss = 1.5800e-01, PNorm = 44.4971, GNorm = 0.7778, lr_0 = 3.7907e-04
Loss = 1.5396e-01, PNorm = 44.5233, GNorm = 1.7368, lr_0 = 3.7759e-04
Loss = 1.5176e-01, PNorm = 44.5457, GNorm = 2.3522, lr_0 = 3.7610e-04
Loss = 1.5865e-01, PNorm = 44.5713, GNorm = 0.7101, lr_0 = 3.7463e-04
Loss = 1.4732e-01, PNorm = 44.5894, GNorm = 1.6703, lr_0 = 3.7316e-04
Loss = 1.4968e-01, PNorm = 44.6083, GNorm = 1.0468, lr_0 = 3.7169e-04
Loss = 1.6060e-01, PNorm = 44.6329, GNorm = 1.1815, lr_0 = 3.7023e-04
Loss = 1.3153e-01, PNorm = 44.6620, GNorm = 1.0963, lr_0 = 3.6878e-04
Loss = 1.5222e-01, PNorm = 44.6826, GNorm = 1.3486, lr_0 = 3.6733e-04
Loss = 1.7539e-01, PNorm = 44.7095, GNorm = 0.8843, lr_0 = 3.6589e-04
Loss = 1.5998e-01, PNorm = 44.7266, GNorm = 1.3230, lr_0 = 3.6446e-04
Loss = 1.4105e-01, PNorm = 44.7474, GNorm = 0.7829, lr_0 = 3.6303e-04
Validation mcc = 0.688489
Epoch 23
Loss = 1.1994e-01, PNorm = 44.7698, GNorm = 1.2092, lr_0 = 3.6146e-04
Loss = 1.8129e-01, PNorm = 44.7900, GNorm = 1.6013, lr_0 = 3.6004e-04
Loss = 1.2493e-01, PNorm = 44.8159, GNorm = 0.8976, lr_0 = 3.5863e-04
Loss = 1.6371e-01, PNorm = 44.8377, GNorm = 1.3688, lr_0 = 3.5722e-04
Loss = 1.5404e-01, PNorm = 44.8586, GNorm = 0.7038, lr_0 = 3.5582e-04
Loss = 1.4223e-01, PNorm = 44.8830, GNorm = 1.1305, lr_0 = 3.5442e-04
Loss = 1.6383e-01, PNorm = 44.9029, GNorm = 0.8048, lr_0 = 3.5303e-04
Loss = 1.8426e-01, PNorm = 44.9217, GNorm = 1.1680, lr_0 = 3.5165e-04
Loss = 1.4900e-01, PNorm = 44.9377, GNorm = 0.8508, lr_0 = 3.5027e-04
Loss = 1.1510e-01, PNorm = 44.9582, GNorm = 0.9704, lr_0 = 3.4889e-04
Loss = 1.1090e-01, PNorm = 44.9777, GNorm = 1.1937, lr_0 = 3.4752e-04
Loss = 1.0745e-01, PNorm = 45.0073, GNorm = 0.6606, lr_0 = 3.4616e-04
Loss = 1.3393e-01, PNorm = 45.0255, GNorm = 1.7323, lr_0 = 3.4480e-04
Validation mcc = 0.712291
Epoch 24
Loss = 1.2020e-01, PNorm = 45.0439, GNorm = 0.9683, lr_0 = 3.4345e-04
Loss = 1.1818e-01, PNorm = 45.0635, GNorm = 0.5908, lr_0 = 3.4210e-04
Loss = 1.4377e-01, PNorm = 45.0858, GNorm = 1.1001, lr_0 = 3.4076e-04
Loss = 1.3052e-01, PNorm = 45.1058, GNorm = 1.4066, lr_0 = 3.3942e-04
Loss = 1.1137e-01, PNorm = 45.1225, GNorm = 1.3880, lr_0 = 3.3809e-04
Loss = 1.2506e-01, PNorm = 45.1428, GNorm = 1.9608, lr_0 = 3.3676e-04
Loss = 1.4889e-01, PNorm = 45.1629, GNorm = 1.0077, lr_0 = 3.3544e-04
Loss = 1.4615e-01, PNorm = 45.1791, GNorm = 1.1448, lr_0 = 3.3412e-04
Loss = 1.5030e-01, PNorm = 45.2023, GNorm = 0.9345, lr_0 = 3.3281e-04
Loss = 1.3176e-01, PNorm = 45.2238, GNorm = 1.2085, lr_0 = 3.3151e-04
Loss = 1.5847e-01, PNorm = 45.2420, GNorm = 1.6270, lr_0 = 3.3021e-04
Loss = 1.6306e-01, PNorm = 45.2617, GNorm = 1.1315, lr_0 = 3.2891e-04
Validation mcc = 0.712372
Epoch 25
Loss = 1.3098e-01, PNorm = 45.2777, GNorm = 0.7299, lr_0 = 3.2762e-04
Loss = 1.1052e-01, PNorm = 45.3012, GNorm = 1.2600, lr_0 = 3.2633e-04
Loss = 1.3979e-01, PNorm = 45.3275, GNorm = 1.1215, lr_0 = 3.2505e-04
Loss = 1.3752e-01, PNorm = 45.3496, GNorm = 1.1819, lr_0 = 3.2378e-04
Loss = 1.1381e-01, PNorm = 45.3712, GNorm = 1.5033, lr_0 = 3.2251e-04
Loss = 1.5788e-01, PNorm = 45.3916, GNorm = 1.9706, lr_0 = 3.2124e-04
Loss = 1.5734e-01, PNorm = 45.4131, GNorm = 2.0000, lr_0 = 3.1998e-04
Loss = 1.2848e-01, PNorm = 45.4280, GNorm = 0.6295, lr_0 = 3.1872e-04
Loss = 1.4014e-01, PNorm = 45.4471, GNorm = 1.3059, lr_0 = 3.1747e-04
Loss = 1.4923e-01, PNorm = 45.4597, GNorm = 0.9214, lr_0 = 3.1623e-04
Loss = 1.5446e-01, PNorm = 45.4716, GNorm = 1.7395, lr_0 = 3.1499e-04
Loss = 1.4834e-01, PNorm = 45.4894, GNorm = 1.0708, lr_0 = 3.1375e-04
Validation mcc = 0.714086
Epoch 26
Loss = 1.2108e-01, PNorm = 45.5097, GNorm = 1.2381, lr_0 = 3.1240e-04
Loss = 9.7522e-02, PNorm = 45.5288, GNorm = 0.8435, lr_0 = 3.1117e-04
Loss = 1.3889e-01, PNorm = 45.5440, GNorm = 1.4143, lr_0 = 3.0995e-04
Loss = 1.1749e-01, PNorm = 45.5615, GNorm = 1.0432, lr_0 = 3.0873e-04
Loss = 8.8048e-02, PNorm = 45.5828, GNorm = 0.3935, lr_0 = 3.0752e-04
Loss = 1.1674e-01, PNorm = 45.6046, GNorm = 1.1094, lr_0 = 3.0631e-04
Loss = 1.3225e-01, PNorm = 45.6249, GNorm = 1.3145, lr_0 = 3.0511e-04
Loss = 1.5768e-01, PNorm = 45.6453, GNorm = 1.2458, lr_0 = 3.0392e-04
Loss = 1.2295e-01, PNorm = 45.6628, GNorm = 1.4206, lr_0 = 3.0272e-04
Loss = 1.2293e-01, PNorm = 45.6808, GNorm = 0.6736, lr_0 = 3.0153e-04
Loss = 1.1758e-01, PNorm = 45.6974, GNorm = 1.3814, lr_0 = 3.0035e-04
Loss = 1.2091e-01, PNorm = 45.7154, GNorm = 1.3436, lr_0 = 2.9917e-04
Validation mcc = 0.689075
Epoch 27
Loss = 9.7674e-02, PNorm = 45.7276, GNorm = 0.8090, lr_0 = 2.9800e-04
Loss = 1.1967e-01, PNorm = 45.7424, GNorm = 1.1868, lr_0 = 2.9683e-04
Loss = 1.1334e-01, PNorm = 45.7645, GNorm = 0.6873, lr_0 = 2.9566e-04
Loss = 1.2123e-01, PNorm = 45.7839, GNorm = 0.5770, lr_0 = 2.9450e-04
Loss = 1.0194e-01, PNorm = 45.7992, GNorm = 1.4984, lr_0 = 2.9335e-04
Loss = 1.0671e-01, PNorm = 45.8184, GNorm = 2.3546, lr_0 = 2.9220e-04
Loss = 1.2891e-01, PNorm = 45.8331, GNorm = 1.3720, lr_0 = 2.9105e-04
Loss = 1.1277e-01, PNorm = 45.8501, GNorm = 1.5263, lr_0 = 2.8991e-04
Loss = 1.6606e-01, PNorm = 45.8627, GNorm = 0.4930, lr_0 = 2.8877e-04
Loss = 1.3632e-01, PNorm = 45.8751, GNorm = 1.2768, lr_0 = 2.8764e-04
Loss = 1.2943e-01, PNorm = 45.8930, GNorm = 0.8892, lr_0 = 2.8651e-04
Loss = 1.0570e-01, PNorm = 45.9109, GNorm = 2.1039, lr_0 = 2.8538e-04
Loss = 9.1790e-02, PNorm = 45.9291, GNorm = 0.6841, lr_0 = 2.8426e-04
Validation mcc = 0.712866
Epoch 28
Loss = 9.1805e-02, PNorm = 45.9429, GNorm = 0.7109, lr_0 = 2.8304e-04
Loss = 1.2815e-01, PNorm = 45.9645, GNorm = 0.8267, lr_0 = 2.8193e-04
Loss = 1.1943e-01, PNorm = 45.9855, GNorm = 0.8898, lr_0 = 2.8082e-04
Loss = 1.3099e-01, PNorm = 46.0032, GNorm = 0.9427, lr_0 = 2.7972e-04
Loss = 9.7264e-02, PNorm = 46.0195, GNorm = 2.3578, lr_0 = 2.7862e-04
Loss = 1.3479e-01, PNorm = 46.0367, GNorm = 0.7508, lr_0 = 2.7753e-04
Loss = 1.3532e-01, PNorm = 46.0518, GNorm = 1.5555, lr_0 = 2.7644e-04
Loss = 1.2445e-01, PNorm = 46.0702, GNorm = 0.7999, lr_0 = 2.7535e-04
Loss = 1.2262e-01, PNorm = 46.0859, GNorm = 0.9631, lr_0 = 2.7427e-04
Loss = 1.0979e-01, PNorm = 46.1003, GNorm = 0.3172, lr_0 = 2.7320e-04
Loss = 1.2075e-01, PNorm = 46.1139, GNorm = 1.9847, lr_0 = 2.7212e-04
Loss = 1.0398e-01, PNorm = 46.1282, GNorm = 1.3615, lr_0 = 2.7106e-04
Validation mcc = 0.701220
Epoch 29
Loss = 1.1142e-01, PNorm = 46.1429, GNorm = 0.9534, lr_0 = 2.6999e-04
Loss = 1.3648e-01, PNorm = 46.1580, GNorm = 2.2118, lr_0 = 2.6893e-04
Loss = 9.8111e-02, PNorm = 46.1720, GNorm = 0.9230, lr_0 = 2.6788e-04
Loss = 1.1192e-01, PNorm = 46.1908, GNorm = 1.1735, lr_0 = 2.6683e-04
Loss = 1.0169e-01, PNorm = 46.2105, GNorm = 1.2397, lr_0 = 2.6578e-04
Loss = 9.7317e-02, PNorm = 46.2300, GNorm = 1.0523, lr_0 = 2.6474e-04
Loss = 7.9834e-02, PNorm = 46.2497, GNorm = 0.6218, lr_0 = 2.6370e-04
Loss = 8.6323e-02, PNorm = 46.2676, GNorm = 1.5607, lr_0 = 2.6266e-04
Loss = 1.3745e-01, PNorm = 46.2834, GNorm = 1.7917, lr_0 = 2.6163e-04
Loss = 1.1168e-01, PNorm = 46.2895, GNorm = 1.4347, lr_0 = 2.6061e-04
Loss = 1.1561e-01, PNorm = 46.3028, GNorm = 1.6778, lr_0 = 2.5958e-04
Loss = 8.2803e-02, PNorm = 46.3193, GNorm = 0.8887, lr_0 = 2.5856e-04
Validation mcc = 0.711653
Epoch 30
Loss = 1.0280e-01, PNorm = 46.3354, GNorm = 0.8747, lr_0 = 2.5745e-04
Loss = 8.6451e-02, PNorm = 46.3547, GNorm = 0.8970, lr_0 = 2.5644e-04
Loss = 1.1636e-01, PNorm = 46.3719, GNorm = 2.1069, lr_0 = 2.5543e-04
Loss = 9.8322e-02, PNorm = 46.3846, GNorm = 1.6266, lr_0 = 2.5443e-04
Loss = 8.7203e-02, PNorm = 46.3993, GNorm = 1.9133, lr_0 = 2.5343e-04
Loss = 1.2152e-01, PNorm = 46.4099, GNorm = 0.7627, lr_0 = 2.5244e-04
Loss = 1.1755e-01, PNorm = 46.4228, GNorm = 0.5729, lr_0 = 2.5145e-04
Loss = 1.1031e-01, PNorm = 46.4398, GNorm = 2.5203, lr_0 = 2.5046e-04
Loss = 1.1069e-01, PNorm = 46.4521, GNorm = 1.7431, lr_0 = 2.4948e-04
Loss = 1.3148e-01, PNorm = 46.4631, GNorm = 1.0711, lr_0 = 2.4850e-04
Loss = 1.1059e-01, PNorm = 46.4770, GNorm = 1.9970, lr_0 = 2.4752e-04
Loss = 1.0917e-01, PNorm = 46.4876, GNorm = 0.6544, lr_0 = 2.4655e-04
Validation mcc = 0.718355
Epoch 31
Loss = 8.2091e-02, PNorm = 46.5020, GNorm = 0.9437, lr_0 = 2.4558e-04
Loss = 1.1090e-01, PNorm = 46.5168, GNorm = 1.4425, lr_0 = 2.4462e-04
Loss = 8.5897e-02, PNorm = 46.5319, GNorm = 0.6119, lr_0 = 2.4366e-04
Loss = 9.6791e-02, PNorm = 46.5487, GNorm = 1.1949, lr_0 = 2.4270e-04
Loss = 1.0941e-01, PNorm = 46.5665, GNorm = 2.0379, lr_0 = 2.4175e-04
Loss = 1.0076e-01, PNorm = 46.5792, GNorm = 0.8806, lr_0 = 2.4080e-04
Loss = 1.0004e-01, PNorm = 46.5928, GNorm = 1.9711, lr_0 = 2.3986e-04
Loss = 9.4282e-02, PNorm = 46.6066, GNorm = 1.0140, lr_0 = 2.3892e-04
Loss = 7.9729e-02, PNorm = 46.6216, GNorm = 1.1276, lr_0 = 2.3798e-04
Loss = 1.2234e-01, PNorm = 46.6358, GNorm = 1.1837, lr_0 = 2.3704e-04
Loss = 6.7941e-02, PNorm = 46.6476, GNorm = 1.3105, lr_0 = 2.3611e-04
Loss = 7.0490e-02, PNorm = 46.6613, GNorm = 0.3913, lr_0 = 2.3519e-04
Loss = 1.2768e-01, PNorm = 46.6732, GNorm = 1.8892, lr_0 = 2.3426e-04
Validation mcc = 0.722061
Epoch 32
Loss = 8.5677e-02, PNorm = 46.6855, GNorm = 1.4060, lr_0 = 2.3325e-04
Loss = 8.0016e-02, PNorm = 46.7002, GNorm = 1.1473, lr_0 = 2.3234e-04
Loss = 1.1962e-01, PNorm = 46.7134, GNorm = 2.5499, lr_0 = 2.3143e-04
Loss = 9.8239e-02, PNorm = 46.7279, GNorm = 1.1145, lr_0 = 2.3052e-04
Loss = 8.1624e-02, PNorm = 46.7404, GNorm = 1.4991, lr_0 = 2.2961e-04
Loss = 1.0617e-01, PNorm = 46.7555, GNorm = 1.5469, lr_0 = 2.2871e-04
Loss = 8.4442e-02, PNorm = 46.7674, GNorm = 1.4090, lr_0 = 2.2781e-04
Loss = 1.0090e-01, PNorm = 46.7782, GNorm = 2.0075, lr_0 = 2.2692e-04
Loss = 9.4569e-02, PNorm = 46.7892, GNorm = 0.4838, lr_0 = 2.2603e-04
Loss = 9.5196e-02, PNorm = 46.8064, GNorm = 1.4073, lr_0 = 2.2514e-04
Loss = 1.0630e-01, PNorm = 46.8143, GNorm = 1.4709, lr_0 = 2.2426e-04
Loss = 1.2249e-01, PNorm = 46.8252, GNorm = 0.7855, lr_0 = 2.2338e-04
Validation mcc = 0.735709
Epoch 33
Loss = 9.6209e-02, PNorm = 46.8365, GNorm = 0.7907, lr_0 = 2.2250e-04
Loss = 7.3371e-02, PNorm = 46.8499, GNorm = 1.0666, lr_0 = 2.2163e-04
Loss = 9.7323e-02, PNorm = 46.8634, GNorm = 1.5703, lr_0 = 2.2076e-04
Loss = 1.0672e-01, PNorm = 46.8763, GNorm = 1.3147, lr_0 = 2.1989e-04
Loss = 7.8309e-02, PNorm = 46.8895, GNorm = 1.6980, lr_0 = 2.1903e-04
Loss = 9.3003e-02, PNorm = 46.9013, GNorm = 2.0936, lr_0 = 2.1817e-04
Loss = 7.9497e-02, PNorm = 46.9137, GNorm = 0.9046, lr_0 = 2.1732e-04
Loss = 9.4616e-02, PNorm = 46.9253, GNorm = 1.5220, lr_0 = 2.1646e-04
Loss = 8.6446e-02, PNorm = 46.9364, GNorm = 1.5464, lr_0 = 2.1561e-04
Loss = 7.9656e-02, PNorm = 46.9505, GNorm = 1.3510, lr_0 = 2.1477e-04
Loss = 8.4259e-02, PNorm = 46.9625, GNorm = 1.0894, lr_0 = 2.1392e-04
Loss = 9.8877e-02, PNorm = 46.9760, GNorm = 1.1766, lr_0 = 2.1308e-04
Validation mcc = 0.714892
Epoch 34
Loss = 8.3162e-02, PNorm = 46.9881, GNorm = 1.3162, lr_0 = 2.1225e-04
Loss = 7.6106e-02, PNorm = 47.0004, GNorm = 0.5675, lr_0 = 2.1142e-04
Loss = 6.4541e-02, PNorm = 47.0122, GNorm = 0.9752, lr_0 = 2.1059e-04
Loss = 7.0703e-02, PNorm = 47.0248, GNorm = 0.5809, lr_0 = 2.0976e-04
Loss = 8.3481e-02, PNorm = 47.0381, GNorm = 1.6336, lr_0 = 2.0894e-04
Loss = 8.9680e-02, PNorm = 47.0494, GNorm = 1.8077, lr_0 = 2.0812e-04
Loss = 8.0238e-02, PNorm = 47.0613, GNorm = 1.0229, lr_0 = 2.0730e-04
Loss = 8.9788e-02, PNorm = 47.0731, GNorm = 1.5462, lr_0 = 2.0649e-04
Loss = 6.2370e-02, PNorm = 47.0838, GNorm = 0.6785, lr_0 = 2.0568e-04
Loss = 1.1654e-01, PNorm = 47.0968, GNorm = 2.0610, lr_0 = 2.0487e-04
Loss = 1.1966e-01, PNorm = 47.1061, GNorm = 3.1801, lr_0 = 2.0406e-04
Loss = 8.5791e-02, PNorm = 47.1187, GNorm = 1.2738, lr_0 = 2.0326e-04
Validation mcc = 0.717675
Epoch 35
Loss = 6.9631e-02, PNorm = 47.1317, GNorm = 1.8469, lr_0 = 2.0239e-04
Loss = 9.3962e-02, PNorm = 47.1439, GNorm = 1.0496, lr_0 = 2.0159e-04
Loss = 7.8056e-02, PNorm = 47.1529, GNorm = 0.8843, lr_0 = 2.0080e-04
Loss = 7.1323e-02, PNorm = 47.1642, GNorm = 0.5786, lr_0 = 2.0001e-04
Loss = 7.1948e-02, PNorm = 47.1767, GNorm = 0.8981, lr_0 = 1.9923e-04
Loss = 8.4128e-02, PNorm = 47.1911, GNorm = 1.4621, lr_0 = 1.9845e-04
Loss = 8.3967e-02, PNorm = 47.2041, GNorm = 1.9209, lr_0 = 1.9767e-04
Loss = 1.0962e-01, PNorm = 47.2131, GNorm = 0.9321, lr_0 = 1.9689e-04
Loss = 7.6950e-02, PNorm = 47.2246, GNorm = 0.8807, lr_0 = 1.9612e-04
Loss = 9.6988e-02, PNorm = 47.2362, GNorm = 2.0751, lr_0 = 1.9535e-04
Loss = 7.5881e-02, PNorm = 47.2465, GNorm = 0.7492, lr_0 = 1.9458e-04
Loss = 8.0576e-02, PNorm = 47.2572, GNorm = 0.8006, lr_0 = 1.9382e-04
Loss = 7.1023e-02, PNorm = 47.2692, GNorm = 1.5227, lr_0 = 1.9306e-04
Validation mcc = 0.700175
Epoch 36
Loss = 4.8940e-02, PNorm = 47.2775, GNorm = 1.7789, lr_0 = 1.9230e-04
Loss = 8.7480e-02, PNorm = 47.2892, GNorm = 2.7593, lr_0 = 1.9155e-04
Loss = 6.5510e-02, PNorm = 47.2997, GNorm = 0.9450, lr_0 = 1.9079e-04
Loss = 8.6240e-02, PNorm = 47.3108, GNorm = 1.8657, lr_0 = 1.9005e-04
Loss = 5.0650e-02, PNorm = 47.3230, GNorm = 0.5668, lr_0 = 1.8930e-04
Loss = 8.6468e-02, PNorm = 47.3343, GNorm = 2.1570, lr_0 = 1.8856e-04
Loss = 7.9642e-02, PNorm = 47.3467, GNorm = 2.3342, lr_0 = 1.8782e-04
Loss = 6.9879e-02, PNorm = 47.3565, GNorm = 2.2784, lr_0 = 1.8708e-04
Loss = 7.1094e-02, PNorm = 47.3663, GNorm = 2.2802, lr_0 = 1.8635e-04
Loss = 8.3681e-02, PNorm = 47.3776, GNorm = 0.9093, lr_0 = 1.8562e-04
Loss = 8.9037e-02, PNorm = 47.3858, GNorm = 0.8532, lr_0 = 1.8489e-04
Loss = 9.2403e-02, PNorm = 47.3933, GNorm = 1.2332, lr_0 = 1.8416e-04
Validation mcc = 0.720422
Epoch 37
Loss = 7.5973e-02, PNorm = 47.4019, GNorm = 1.7279, lr_0 = 1.8337e-04
Loss = 6.3406e-02, PNorm = 47.4120, GNorm = 1.1373, lr_0 = 1.8265e-04
Loss = 6.0748e-02, PNorm = 47.4215, GNorm = 1.4364, lr_0 = 1.8193e-04
Loss = 6.7198e-02, PNorm = 47.4339, GNorm = 1.2472, lr_0 = 1.8122e-04
Loss = 7.1746e-02, PNorm = 47.4455, GNorm = 1.5108, lr_0 = 1.8050e-04
Loss = 7.3903e-02, PNorm = 47.4534, GNorm = 1.1505, lr_0 = 1.7980e-04
Loss = 8.2293e-02, PNorm = 47.4620, GNorm = 1.6615, lr_0 = 1.7909e-04
Loss = 1.1839e-01, PNorm = 47.4700, GNorm = 1.3474, lr_0 = 1.7839e-04
Loss = 7.2030e-02, PNorm = 47.4789, GNorm = 1.2823, lr_0 = 1.7769e-04
Loss = 7.5968e-02, PNorm = 47.4880, GNorm = 2.7023, lr_0 = 1.7699e-04
Loss = 9.0893e-02, PNorm = 47.5002, GNorm = 1.2663, lr_0 = 1.7630e-04
Loss = 7.5789e-02, PNorm = 47.5084, GNorm = 1.1299, lr_0 = 1.7560e-04
Validation mcc = 0.712834
Epoch 38
Loss = 4.9648e-02, PNorm = 47.5168, GNorm = 0.6024, lr_0 = 1.7492e-04
Loss = 4.7667e-02, PNorm = 47.5257, GNorm = 0.7281, lr_0 = 1.7423e-04
Loss = 4.1545e-02, PNorm = 47.5358, GNorm = 0.6676, lr_0 = 1.7355e-04
Loss = 6.4699e-02, PNorm = 47.5449, GNorm = 0.8740, lr_0 = 1.7286e-04
Loss = 5.9614e-02, PNorm = 47.5542, GNorm = 1.8901, lr_0 = 1.7219e-04
Loss = 8.1889e-02, PNorm = 47.5650, GNorm = 0.8366, lr_0 = 1.7151e-04
Loss = 6.3840e-02, PNorm = 47.5745, GNorm = 0.9717, lr_0 = 1.7084e-04
Loss = 1.0935e-01, PNorm = 47.5840, GNorm = 2.1535, lr_0 = 1.7017e-04
Loss = 7.7522e-02, PNorm = 47.5927, GNorm = 0.8840, lr_0 = 1.6950e-04
Loss = 6.7453e-02, PNorm = 47.6021, GNorm = 1.4757, lr_0 = 1.6883e-04
Loss = 1.0008e-01, PNorm = 47.6077, GNorm = 2.1896, lr_0 = 1.6817e-04
Loss = 8.1973e-02, PNorm = 47.6155, GNorm = 0.7456, lr_0 = 1.6751e-04
Validation mcc = 0.712495
Epoch 39
Loss = 5.5457e-02, PNorm = 47.6246, GNorm = 1.2462, lr_0 = 1.6679e-04
Loss = 4.4127e-02, PNorm = 47.6330, GNorm = 1.2314, lr_0 = 1.6613e-04
Loss = 3.9055e-02, PNorm = 47.6414, GNorm = 0.9522, lr_0 = 1.6548e-04
Loss = 5.5505e-02, PNorm = 47.6508, GNorm = 1.0202, lr_0 = 1.6483e-04
Loss = 9.6247e-02, PNorm = 47.6590, GNorm = 1.3834, lr_0 = 1.6419e-04
Loss = 7.0707e-02, PNorm = 47.6671, GNorm = 0.5813, lr_0 = 1.6354e-04
Loss = 7.1494e-02, PNorm = 47.6749, GNorm = 1.0062, lr_0 = 1.6290e-04
Loss = 6.0775e-02, PNorm = 47.6825, GNorm = 1.8295, lr_0 = 1.6226e-04
Loss = 7.2119e-02, PNorm = 47.6929, GNorm = 2.0881, lr_0 = 1.6162e-04
Loss = 8.1665e-02, PNorm = 47.7011, GNorm = 0.9359, lr_0 = 1.6099e-04
Loss = 6.6560e-02, PNorm = 47.7080, GNorm = 1.7251, lr_0 = 1.6036e-04
Loss = 6.7534e-02, PNorm = 47.7159, GNorm = 1.3366, lr_0 = 1.5973e-04
Loss = 7.9806e-02, PNorm = 47.7255, GNorm = 1.4590, lr_0 = 1.5910e-04
Validation mcc = 0.713397
Epoch 40
Loss = 3.9955e-02, PNorm = 47.7351, GNorm = 0.9147, lr_0 = 1.5848e-04
Loss = 5.6632e-02, PNorm = 47.7448, GNorm = 1.2173, lr_0 = 1.5785e-04
Loss = 7.1967e-02, PNorm = 47.7532, GNorm = 1.1387, lr_0 = 1.5724e-04
Loss = 6.9130e-02, PNorm = 47.7639, GNorm = 1.0341, lr_0 = 1.5662e-04
Loss = 6.7973e-02, PNorm = 47.7718, GNorm = 1.4466, lr_0 = 1.5600e-04
Loss = 7.0041e-02, PNorm = 47.7828, GNorm = 0.4888, lr_0 = 1.5539e-04
Loss = 5.3520e-02, PNorm = 47.7903, GNorm = 1.7367, lr_0 = 1.5478e-04
Loss = 7.8001e-02, PNorm = 47.7980, GNorm = 1.0808, lr_0 = 1.5417e-04
Loss = 5.2389e-02, PNorm = 47.8048, GNorm = 2.4679, lr_0 = 1.5357e-04
Loss = 8.5812e-02, PNorm = 47.8117, GNorm = 1.1943, lr_0 = 1.5297e-04
Loss = 6.3420e-02, PNorm = 47.8193, GNorm = 1.7833, lr_0 = 1.5237e-04
Loss = 5.3243e-02, PNorm = 47.8270, GNorm = 1.2796, lr_0 = 1.5177e-04
Validation mcc = 0.735847
Epoch 41
Loss = 5.1709e-02, PNorm = 47.8353, GNorm = 1.0561, lr_0 = 1.5111e-04
Loss = 6.3555e-02, PNorm = 47.8433, GNorm = 0.6945, lr_0 = 1.5052e-04
Loss = 6.5212e-02, PNorm = 47.8504, GNorm = 0.4482, lr_0 = 1.4993e-04
Loss = 6.5032e-02, PNorm = 47.8579, GNorm = 1.0388, lr_0 = 1.4934e-04
Loss = 4.7313e-02, PNorm = 47.8650, GNorm = 0.8098, lr_0 = 1.4876e-04
Loss = 8.7169e-02, PNorm = 47.8741, GNorm = 1.5723, lr_0 = 1.4817e-04
Loss = 5.9365e-02, PNorm = 47.8794, GNorm = 0.6294, lr_0 = 1.4759e-04
Loss = 6.6187e-02, PNorm = 47.8869, GNorm = 3.1197, lr_0 = 1.4701e-04
Loss = 7.0577e-02, PNorm = 47.8962, GNorm = 1.2578, lr_0 = 1.4643e-04
Loss = 6.4353e-02, PNorm = 47.9021, GNorm = 1.4668, lr_0 = 1.4586e-04
Loss = 4.9818e-02, PNorm = 47.9090, GNorm = 1.7416, lr_0 = 1.4529e-04
Loss = 4.9587e-02, PNorm = 47.9179, GNorm = 1.2038, lr_0 = 1.4472e-04
Validation mcc = 0.723023
Epoch 42
Loss = 3.1528e-02, PNorm = 47.9258, GNorm = 0.7729, lr_0 = 1.4415e-04
Loss = 5.8206e-02, PNorm = 47.9322, GNorm = 1.3958, lr_0 = 1.4358e-04
Loss = 4.3238e-02, PNorm = 47.9381, GNorm = 0.8817, lr_0 = 1.4302e-04
Loss = 7.4929e-02, PNorm = 47.9455, GNorm = 1.7745, lr_0 = 1.4246e-04
Loss = 6.4244e-02, PNorm = 47.9518, GNorm = 1.5002, lr_0 = 1.4190e-04
Loss = 3.6043e-02, PNorm = 47.9586, GNorm = 1.0482, lr_0 = 1.4134e-04
Loss = 4.6825e-02, PNorm = 47.9669, GNorm = 0.6769, lr_0 = 1.4079e-04
Loss = 6.3881e-02, PNorm = 47.9746, GNorm = 0.6302, lr_0 = 1.4024e-04
Loss = 7.1018e-02, PNorm = 47.9838, GNorm = 0.9234, lr_0 = 1.3969e-04
Loss = 5.7136e-02, PNorm = 47.9903, GNorm = 1.5664, lr_0 = 1.3914e-04
Loss = 5.9009e-02, PNorm = 47.9945, GNorm = 1.8731, lr_0 = 1.3859e-04
Loss = 7.0291e-02, PNorm = 47.9998, GNorm = 3.6407, lr_0 = 1.3805e-04
Loss = 8.8027e-02, PNorm = 48.0083, GNorm = 3.2610, lr_0 = 1.3751e-04
Validation mcc = 0.726019
Epoch 43
Loss = 8.5343e-02, PNorm = 48.0141, GNorm = 1.3728, lr_0 = 1.3697e-04
Loss = 5.8411e-02, PNorm = 48.0203, GNorm = 1.1124, lr_0 = 1.3643e-04
Loss = 6.4374e-02, PNorm = 48.0276, GNorm = 1.5031, lr_0 = 1.3589e-04
Loss = 6.1318e-02, PNorm = 48.0354, GNorm = 0.8303, lr_0 = 1.3536e-04
Loss = 4.3822e-02, PNorm = 48.0431, GNorm = 1.3470, lr_0 = 1.3483e-04
Loss = 4.0653e-02, PNorm = 48.0514, GNorm = 1.0973, lr_0 = 1.3430e-04
Loss = 4.8399e-02, PNorm = 48.0585, GNorm = 1.1045, lr_0 = 1.3377e-04
Loss = 4.0786e-02, PNorm = 48.0664, GNorm = 0.3635, lr_0 = 1.3325e-04
Loss = 6.0108e-02, PNorm = 48.0727, GNorm = 1.5220, lr_0 = 1.3272e-04
Loss = 4.5933e-02, PNorm = 48.0800, GNorm = 0.5767, lr_0 = 1.3220e-04
Loss = 6.3895e-02, PNorm = 48.0858, GNorm = 2.3349, lr_0 = 1.3168e-04
Loss = 8.6840e-02, PNorm = 48.0915, GNorm = 3.6168, lr_0 = 1.3117e-04
Validation mcc = 0.701229
Epoch 44
Loss = 4.5523e-02, PNorm = 48.0987, GNorm = 1.2584, lr_0 = 1.3060e-04
Loss = 6.8045e-02, PNorm = 48.1053, GNorm = 1.6051, lr_0 = 1.3009e-04
Loss = 5.2784e-02, PNorm = 48.1113, GNorm = 1.2934, lr_0 = 1.2958e-04
Loss = 6.8554e-02, PNorm = 48.1181, GNorm = 1.3805, lr_0 = 1.2907e-04
Loss = 5.0754e-02, PNorm = 48.1239, GNorm = 0.6132, lr_0 = 1.2856e-04
Loss = 4.5612e-02, PNorm = 48.1310, GNorm = 0.4656, lr_0 = 1.2806e-04
Loss = 5.3013e-02, PNorm = 48.1356, GNorm = 1.2264, lr_0 = 1.2756e-04
Loss = 4.7199e-02, PNorm = 48.1420, GNorm = 1.1415, lr_0 = 1.2706e-04
Loss = 5.8337e-02, PNorm = 48.1474, GNorm = 3.1876, lr_0 = 1.2656e-04
Loss = 5.7049e-02, PNorm = 48.1545, GNorm = 0.7099, lr_0 = 1.2606e-04
Loss = 6.6183e-02, PNorm = 48.1593, GNorm = 1.2956, lr_0 = 1.2557e-04
Loss = 3.4254e-02, PNorm = 48.1659, GNorm = 0.7524, lr_0 = 1.2507e-04
Validation mcc = 0.726788
Epoch 45
Loss = 4.5332e-02, PNorm = 48.1727, GNorm = 0.7899, lr_0 = 1.2458e-04
Loss = 5.7596e-02, PNorm = 48.1785, GNorm = 0.7619, lr_0 = 1.2409e-04
Loss = 5.6311e-02, PNorm = 48.1841, GNorm = 1.5329, lr_0 = 1.2361e-04
Loss = 5.8714e-02, PNorm = 48.1909, GNorm = 2.7393, lr_0 = 1.2312e-04
Loss = 3.5078e-02, PNorm = 48.1957, GNorm = 0.7208, lr_0 = 1.2264e-04
Loss = 5.8868e-02, PNorm = 48.2028, GNorm = 1.3794, lr_0 = 1.2216e-04
Loss = 8.1482e-02, PNorm = 48.2080, GNorm = 2.0756, lr_0 = 1.2168e-04
Loss = 7.7716e-02, PNorm = 48.2132, GNorm = 2.1351, lr_0 = 1.2120e-04
Loss = 4.9129e-02, PNorm = 48.2203, GNorm = 3.3005, lr_0 = 1.2072e-04
Loss = 4.3248e-02, PNorm = 48.2291, GNorm = 1.2739, lr_0 = 1.2025e-04
Loss = 3.5198e-02, PNorm = 48.2358, GNorm = 0.5144, lr_0 = 1.1978e-04
Loss = 6.6283e-02, PNorm = 48.2405, GNorm = 0.9011, lr_0 = 1.1931e-04
Validation mcc = 0.723477
Epoch 46
Loss = 5.4027e-02, PNorm = 48.2466, GNorm = 1.7263, lr_0 = 1.1879e-04
Loss = 3.3898e-02, PNorm = 48.2518, GNorm = 0.8122, lr_0 = 1.1833e-04
Loss = 3.7698e-02, PNorm = 48.2567, GNorm = 0.4145, lr_0 = 1.1786e-04
Loss = 3.7945e-02, PNorm = 48.2624, GNorm = 0.5517, lr_0 = 1.1740e-04
Loss = 4.7486e-02, PNorm = 48.2683, GNorm = 1.1203, lr_0 = 1.1694e-04
Loss = 6.9271e-02, PNorm = 48.2747, GNorm = 1.3797, lr_0 = 1.1648e-04
Loss = 4.0448e-02, PNorm = 48.2800, GNorm = 0.6199, lr_0 = 1.1602e-04
Loss = 4.6682e-02, PNorm = 48.2853, GNorm = 1.8069, lr_0 = 1.1557e-04
Loss = 3.7189e-02, PNorm = 48.2907, GNorm = 2.5812, lr_0 = 1.1512e-04
Loss = 6.7975e-02, PNorm = 48.2975, GNorm = 4.8659, lr_0 = 1.1466e-04
Loss = 5.7603e-02, PNorm = 48.3039, GNorm = 0.5987, lr_0 = 1.1421e-04
Loss = 5.3625e-02, PNorm = 48.3093, GNorm = 1.6153, lr_0 = 1.1377e-04
Loss = 7.4337e-02, PNorm = 48.3149, GNorm = 1.1999, lr_0 = 1.1332e-04
Validation mcc = 0.729032
Epoch 47
Loss = 5.4290e-02, PNorm = 48.3179, GNorm = 1.1947, lr_0 = 1.1287e-04
Loss = 3.6909e-02, PNorm = 48.3225, GNorm = 0.6949, lr_0 = 1.1243e-04
Loss = 4.0683e-02, PNorm = 48.3275, GNorm = 0.9078, lr_0 = 1.1199e-04
Loss = 6.0055e-02, PNorm = 48.3342, GNorm = 1.3535, lr_0 = 1.1155e-04
Loss = 5.2184e-02, PNorm = 48.3395, GNorm = 0.9744, lr_0 = 1.1111e-04
Loss = 3.7053e-02, PNorm = 48.3456, GNorm = 1.7321, lr_0 = 1.1068e-04
Loss = 5.8984e-02, PNorm = 48.3525, GNorm = 1.2861, lr_0 = 1.1024e-04
Loss = 3.7767e-02, PNorm = 48.3586, GNorm = 1.2410, lr_0 = 1.0981e-04
Loss = 4.5918e-02, PNorm = 48.3643, GNorm = 0.7730, lr_0 = 1.0938e-04
Loss = 5.6942e-02, PNorm = 48.3693, GNorm = 0.8542, lr_0 = 1.0895e-04
Loss = 5.0705e-02, PNorm = 48.3746, GNorm = 0.8393, lr_0 = 1.0852e-04
Loss = 4.2633e-02, PNorm = 48.3789, GNorm = 0.7542, lr_0 = 1.0810e-04
Validation mcc = 0.726027
Epoch 48
Loss = 3.5443e-02, PNorm = 48.3846, GNorm = 1.3557, lr_0 = 1.0763e-04
Loss = 3.3312e-02, PNorm = 48.3891, GNorm = 1.1613, lr_0 = 1.0721e-04
Loss = 6.1951e-02, PNorm = 48.3946, GNorm = 1.1441, lr_0 = 1.0679e-04
Loss = 4.6029e-02, PNorm = 48.4002, GNorm = 3.1961, lr_0 = 1.0637e-04
Loss = 4.7218e-02, PNorm = 48.4051, GNorm = 2.8367, lr_0 = 1.0595e-04
Loss = 4.2593e-02, PNorm = 48.4121, GNorm = 1.6403, lr_0 = 1.0553e-04
Loss = 4.4299e-02, PNorm = 48.4166, GNorm = 0.6435, lr_0 = 1.0512e-04
Loss = 5.8685e-02, PNorm = 48.4229, GNorm = 0.6081, lr_0 = 1.0471e-04
Loss = 4.3206e-02, PNorm = 48.4276, GNorm = 1.0723, lr_0 = 1.0430e-04
Loss = 3.3738e-02, PNorm = 48.4332, GNorm = 0.8583, lr_0 = 1.0389e-04
Loss = 4.2090e-02, PNorm = 48.4389, GNorm = 1.7716, lr_0 = 1.0348e-04
Loss = 6.5503e-02, PNorm = 48.4435, GNorm = 0.9060, lr_0 = 1.0307e-04
Validation mcc = 0.721403
Epoch 49
Loss = 2.5707e-02, PNorm = 48.4487, GNorm = 1.4027, lr_0 = 1.0267e-04
Loss = 4.5706e-02, PNorm = 48.4527, GNorm = 2.5072, lr_0 = 1.0227e-04
Loss = 4.5248e-02, PNorm = 48.4569, GNorm = 2.9704, lr_0 = 1.0187e-04
Loss = 4.2669e-02, PNorm = 48.4612, GNorm = 2.0517, lr_0 = 1.0147e-04
Loss = 4.2290e-02, PNorm = 48.4661, GNorm = 1.9896, lr_0 = 1.0107e-04
Loss = 6.3568e-02, PNorm = 48.4719, GNorm = 1.4054, lr_0 = 1.0067e-04
Loss = 3.4246e-02, PNorm = 48.4780, GNorm = 2.5160, lr_0 = 1.0028e-04
Loss = 5.2807e-02, PNorm = 48.4831, GNorm = 1.8365, lr_0 = 1.0000e-04
Loss = 4.2788e-02, PNorm = 48.4880, GNorm = 1.2403, lr_0 = 1.0000e-04
Loss = 3.5966e-02, PNorm = 48.4930, GNorm = 1.6465, lr_0 = 1.0000e-04
Loss = 4.5548e-02, PNorm = 48.4976, GNorm = 0.7625, lr_0 = 1.0000e-04
Loss = 4.4732e-02, PNorm = 48.5017, GNorm = 0.9461, lr_0 = 1.0000e-04
Validation mcc = 0.707861
Model 0 best validation mcc = 0.735847 on epoch 40
Loading pretrained parameter "encoder.encoder.0.cached_zero_vector".
Loading pretrained parameter "encoder.encoder.0.W_i.weight".
Loading pretrained parameter "encoder.encoder.0.W_h.weight".
Loading pretrained parameter "encoder.encoder.0.W_o.weight".
Loading pretrained parameter "encoder.encoder.0.W_o.bias".
Loading pretrained parameter "ffn.1.weight".
Loading pretrained parameter "ffn.1.bias".
Loading pretrained parameter "ffn.4.weight".
Loading pretrained parameter "ffn.4.bias".
Model 0 test mcc = 0.790889
Ensemble test mcc = 0.790889
Fold 2
Splitting data with seed 2
Class sizes
0 0: 36.36%, 1: 63.64%
Total size = 7,660 | train size = 6,128 | val size = 766 | test size = 766
Building model 0
MoleculeModel(
  (sigmoid): Sigmoid()
  (encoder): MPN(
    (encoder): ModuleList(
      (0): MPNEncoder(
        (dropout_layer): Dropout(p=0.0, inplace=False)
        (act_func): ReLU()
        (W_i): Linear(in_features=147, out_features=300, bias=False)
        (W_h): Linear(in_features=300, out_features=300, bias=False)
        (W_o): Linear(in_features=433, out_features=300, bias=True)
      )
    )
  )
  (ffn): Sequential(
    (0): Dropout(p=0.0, inplace=False)
    (1): Linear(in_features=300, out_features=300, bias=True)
    (2): ReLU()
    (3): Dropout(p=0.0, inplace=False)
    (4): Linear(in_features=300, out_features=1, bias=True)
  )
)
Number of parameters = 355,201
Epoch 0
Loss = 6.4904e-01, PNorm = 34.0111, GNorm = 0.3161, lr_0 = 1.4057e-04
Loss = 6.1299e-01, PNorm = 34.0147, GNorm = 0.8039, lr_0 = 1.7746e-04
Loss = 5.9991e-01, PNorm = 34.0241, GNorm = 1.0007, lr_0 = 2.1434e-04
Loss = 5.6630e-01, PNorm = 34.0374, GNorm = 1.0754, lr_0 = 2.5123e-04
Loss = 5.6899e-01, PNorm = 34.0525, GNorm = 0.4629, lr_0 = 2.8811e-04
Loss = 5.3948e-01, PNorm = 34.0718, GNorm = 2.1285, lr_0 = 3.2500e-04
Loss = 5.5462e-01, PNorm = 34.0857, GNorm = 0.6165, lr_0 = 3.6189e-04
Loss = 4.7962e-01, PNorm = 34.1077, GNorm = 0.6037, lr_0 = 3.9877e-04
Loss = 5.3323e-01, PNorm = 34.1295, GNorm = 0.5263, lr_0 = 4.3566e-04
Loss = 5.1151e-01, PNorm = 34.1564, GNorm = 0.9749, lr_0 = 4.7254e-04
Loss = 4.5250e-01, PNorm = 34.1882, GNorm = 1.4555, lr_0 = 5.0943e-04
Loss = 4.9336e-01, PNorm = 34.2216, GNorm = 1.6183, lr_0 = 5.4631e-04
Validation mcc = 0.579265
Epoch 1
Loss = 4.9834e-01, PNorm = 34.2605, GNorm = 0.9091, lr_0 = 5.8689e-04
Loss = 5.3022e-01, PNorm = 34.2978, GNorm = 0.8404, lr_0 = 6.2377e-04
Loss = 4.9290e-01, PNorm = 34.3517, GNorm = 1.9251, lr_0 = 6.6066e-04
Loss = 4.8633e-01, PNorm = 34.3938, GNorm = 0.7638, lr_0 = 6.9754e-04
Loss = 4.3417e-01, PNorm = 34.4405, GNorm = 2.4760, lr_0 = 7.3443e-04
Loss = 4.6459e-01, PNorm = 34.4862, GNorm = 0.6485, lr_0 = 7.7131e-04
Loss = 4.5043e-01, PNorm = 34.5291, GNorm = 1.7431, lr_0 = 8.0820e-04
Loss = 4.2527e-01, PNorm = 34.5901, GNorm = 4.9693, lr_0 = 8.4508e-04
Loss = 4.0806e-01, PNorm = 34.6442, GNorm = 0.6562, lr_0 = 8.8197e-04
Loss = 3.7748e-01, PNorm = 34.7098, GNorm = 4.6768, lr_0 = 9.1885e-04
Loss = 4.7293e-01, PNorm = 34.7711, GNorm = 0.7019, lr_0 = 9.5574e-04
Loss = 4.5876e-01, PNorm = 34.8438, GNorm = 0.8721, lr_0 = 9.9262e-04
Validation mcc = 0.583072
Epoch 2
Loss = 4.4708e-01, PNorm = 34.9223, GNorm = 0.9784, lr_0 = 9.9686e-04
Loss = 4.1952e-01, PNorm = 35.0018, GNorm = 1.8868, lr_0 = 9.9295e-04
Loss = 3.9708e-01, PNorm = 35.0756, GNorm = 3.6403, lr_0 = 9.8905e-04
Loss = 4.8653e-01, PNorm = 35.1243, GNorm = 0.6329, lr_0 = 9.8517e-04
Loss = 4.2110e-01, PNorm = 35.1870, GNorm = 0.7134, lr_0 = 9.8130e-04
Loss = 4.2324e-01, PNorm = 35.2551, GNorm = 1.1710, lr_0 = 9.7745e-04
Loss = 3.9796e-01, PNorm = 35.3227, GNorm = 0.8118, lr_0 = 9.7362e-04
Loss = 3.9805e-01, PNorm = 35.3865, GNorm = 0.9625, lr_0 = 9.6980e-04
Loss = 3.7278e-01, PNorm = 35.4584, GNorm = 1.2633, lr_0 = 9.6599e-04
Loss = 3.8301e-01, PNorm = 35.5297, GNorm = 0.6113, lr_0 = 9.6220e-04
Loss = 4.0856e-01, PNorm = 35.6089, GNorm = 1.6542, lr_0 = 9.5842e-04
Loss = 4.2371e-01, PNorm = 35.6679, GNorm = 1.5014, lr_0 = 9.5466e-04
Validation mcc = 0.552882
Epoch 3
Loss = 3.5968e-01, PNorm = 35.7432, GNorm = 0.5167, lr_0 = 9.5054e-04
Loss = 4.6219e-01, PNorm = 35.8071, GNorm = 2.0725, lr_0 = 9.4681e-04
Loss = 3.9830e-01, PNorm = 35.9032, GNorm = 1.1114, lr_0 = 9.4310e-04
Loss = 3.9396e-01, PNorm = 35.9836, GNorm = 1.6657, lr_0 = 9.3940e-04
Loss = 3.8327e-01, PNorm = 36.0347, GNorm = 2.3338, lr_0 = 9.3571e-04
Loss = 4.1404e-01, PNorm = 36.0887, GNorm = 1.8833, lr_0 = 9.3204e-04
Loss = 3.2524e-01, PNorm = 36.1583, GNorm = 1.1924, lr_0 = 9.2838e-04
Loss = 4.2299e-01, PNorm = 36.2148, GNorm = 0.8526, lr_0 = 9.2474e-04
Loss = 3.5841e-01, PNorm = 36.2670, GNorm = 0.9037, lr_0 = 9.2111e-04
Loss = 3.7978e-01, PNorm = 36.3153, GNorm = 0.9452, lr_0 = 9.1749e-04
Loss = 3.7464e-01, PNorm = 36.3659, GNorm = 0.8262, lr_0 = 9.1389e-04
Loss = 3.7052e-01, PNorm = 36.4290, GNorm = 1.2849, lr_0 = 9.1031e-04
Loss = 3.4748e-01, PNorm = 36.4976, GNorm = 0.8880, lr_0 = 9.0673e-04
Validation mcc = 0.601646
Epoch 4
Loss = 3.0807e-01, PNorm = 36.5717, GNorm = 0.8317, lr_0 = 9.0317e-04
Loss = 3.1009e-01, PNorm = 36.6224, GNorm = 2.1095, lr_0 = 8.9963e-04
Loss = 3.3534e-01, PNorm = 36.6670, GNorm = 1.5548, lr_0 = 8.9610e-04
Loss = 3.3685e-01, PNorm = 36.7247, GNorm = 1.6105, lr_0 = 8.9258e-04
Loss = 3.3058e-01, PNorm = 36.7665, GNorm = 0.6869, lr_0 = 8.8908e-04
Loss = 3.4874e-01, PNorm = 36.8195, GNorm = 2.1636, lr_0 = 8.8559e-04
Loss = 3.4790e-01, PNorm = 36.8681, GNorm = 1.4453, lr_0 = 8.8212e-04
Loss = 3.7125e-01, PNorm = 36.9360, GNorm = 0.5693, lr_0 = 8.7865e-04
Loss = 3.4558e-01, PNorm = 36.9975, GNorm = 1.1157, lr_0 = 8.7521e-04
Loss = 3.7176e-01, PNorm = 37.0503, GNorm = 1.9753, lr_0 = 8.7177e-04
Loss = 3.5513e-01, PNorm = 37.1194, GNorm = 1.3732, lr_0 = 8.6835e-04
Loss = 3.4694e-01, PNorm = 37.1911, GNorm = 0.8941, lr_0 = 8.6494e-04
Validation mcc = 0.632398
Epoch 5
Loss = 3.2490e-01, PNorm = 37.2581, GNorm = 1.0722, lr_0 = 8.6121e-04
Loss = 3.1350e-01, PNorm = 37.3061, GNorm = 1.0907, lr_0 = 8.5783e-04
Loss = 3.0069e-01, PNorm = 37.3656, GNorm = 2.3136, lr_0 = 8.5446e-04
Loss = 2.9083e-01, PNorm = 37.4196, GNorm = 1.4717, lr_0 = 8.5111e-04
Loss = 3.1800e-01, PNorm = 37.4691, GNorm = 1.2334, lr_0 = 8.4777e-04
Loss = 3.7188e-01, PNorm = 37.5200, GNorm = 0.5951, lr_0 = 8.4444e-04
Loss = 3.4889e-01, PNorm = 37.5663, GNorm = 1.2074, lr_0 = 8.4113e-04
Loss = 3.3870e-01, PNorm = 37.6015, GNorm = 0.8033, lr_0 = 8.3783e-04
Loss = 3.2327e-01, PNorm = 37.6541, GNorm = 1.5735, lr_0 = 8.3454e-04
Loss = 3.2118e-01, PNorm = 37.7184, GNorm = 0.7568, lr_0 = 8.3127e-04
Loss = 3.1962e-01, PNorm = 37.7850, GNorm = 1.3577, lr_0 = 8.2800e-04
Loss = 3.1247e-01, PNorm = 37.8395, GNorm = 0.6708, lr_0 = 8.2476e-04
Validation mcc = 0.587725
Epoch 6
Loss = 3.3996e-01, PNorm = 37.9022, GNorm = 0.8487, lr_0 = 8.2152e-04
Loss = 3.1687e-01, PNorm = 37.9572, GNorm = 2.1571, lr_0 = 8.1829e-04
Loss = 2.9977e-01, PNorm = 38.0196, GNorm = 0.5495, lr_0 = 8.1508e-04
Loss = 3.3908e-01, PNorm = 38.0692, GNorm = 0.5968, lr_0 = 8.1189e-04
Loss = 2.8308e-01, PNorm = 38.1230, GNorm = 0.8588, lr_0 = 8.0870e-04
Loss = 3.0365e-01, PNorm = 38.1555, GNorm = 0.4955, lr_0 = 8.0553e-04
Loss = 3.0863e-01, PNorm = 38.2029, GNorm = 1.4712, lr_0 = 8.0236e-04
Loss = 3.2510e-01, PNorm = 38.2387, GNorm = 0.8224, lr_0 = 7.9922e-04
Loss = 3.0327e-01, PNorm = 38.2952, GNorm = 0.9904, lr_0 = 7.9608e-04
Loss = 2.9286e-01, PNorm = 38.3499, GNorm = 0.7724, lr_0 = 7.9296e-04
Loss = 2.9109e-01, PNorm = 38.3991, GNorm = 0.9873, lr_0 = 7.8984e-04
Loss = 2.7702e-01, PNorm = 38.4489, GNorm = 1.1679, lr_0 = 7.8674e-04
Validation mcc = 0.660309
Epoch 7
Loss = 2.5123e-01, PNorm = 38.4970, GNorm = 1.0075, lr_0 = 7.8335e-04
Loss = 2.4576e-01, PNorm = 38.5523, GNorm = 1.1078, lr_0 = 7.8027e-04
Loss = 2.7562e-01, PNorm = 38.5889, GNorm = 0.6682, lr_0 = 7.7721e-04
Loss = 2.8893e-01, PNorm = 38.6203, GNorm = 1.7876, lr_0 = 7.7416e-04
Loss = 3.0943e-01, PNorm = 38.6568, GNorm = 1.4422, lr_0 = 7.7112e-04
Loss = 2.4587e-01, PNorm = 38.7195, GNorm = 0.6391, lr_0 = 7.6810e-04
Loss = 2.9995e-01, PNorm = 38.7882, GNorm = 1.8229, lr_0 = 7.6508e-04
Loss = 3.3001e-01, PNorm = 38.8466, GNorm = 0.9549, lr_0 = 7.6208e-04
Loss = 2.8507e-01, PNorm = 38.8961, GNorm = 0.8933, lr_0 = 7.5909e-04
Loss = 3.2776e-01, PNorm = 38.9308, GNorm = 0.8188, lr_0 = 7.5611e-04
Loss = 2.7398e-01, PNorm = 38.9736, GNorm = 0.6783, lr_0 = 7.5314e-04
Loss = 3.1949e-01, PNorm = 39.0062, GNorm = 1.1057, lr_0 = 7.5019e-04
Loss = 2.5816e-01, PNorm = 39.0553, GNorm = 1.5622, lr_0 = 7.4725e-04
Validation mcc = 0.614644
Epoch 8
Loss = 2.6500e-01, PNorm = 39.1090, GNorm = 0.7381, lr_0 = 7.4431e-04
Loss = 2.7966e-01, PNorm = 39.1664, GNorm = 1.3440, lr_0 = 7.4139e-04
Loss = 2.8077e-01, PNorm = 39.1950, GNorm = 2.4128, lr_0 = 7.3848e-04
Loss = 2.9731e-01, PNorm = 39.2341, GNorm = 0.8180, lr_0 = 7.3558e-04
Loss = 2.5518e-01, PNorm = 39.2872, GNorm = 0.6883, lr_0 = 7.3270e-04
Loss = 2.5693e-01, PNorm = 39.3403, GNorm = 0.9474, lr_0 = 7.2982e-04
Loss = 2.8118e-01, PNorm = 39.3799, GNorm = 1.6075, lr_0 = 7.2696e-04
Loss = 3.0385e-01, PNorm = 39.4104, GNorm = 0.8638, lr_0 = 7.2411e-04
Loss = 2.5018e-01, PNorm = 39.4585, GNorm = 0.9011, lr_0 = 7.2126e-04
Loss = 2.4776e-01, PNorm = 39.5009, GNorm = 0.8781, lr_0 = 7.1843e-04
Loss = 2.9997e-01, PNorm = 39.5237, GNorm = 1.2199, lr_0 = 7.1561e-04
Loss = 2.7704e-01, PNorm = 39.5522, GNorm = 1.1604, lr_0 = 7.1281e-04
Validation mcc = 0.679129
Epoch 9
Loss = 2.7964e-01, PNorm = 39.6014, GNorm = 1.1838, lr_0 = 7.1001e-04
Loss = 2.5969e-01, PNorm = 39.6467, GNorm = 1.5333, lr_0 = 7.0722e-04
Loss = 2.3517e-01, PNorm = 39.6907, GNorm = 0.4963, lr_0 = 7.0445e-04
Loss = 2.7423e-01, PNorm = 39.7424, GNorm = 0.9222, lr_0 = 7.0168e-04
Loss = 2.7015e-01, PNorm = 39.7798, GNorm = 1.2637, lr_0 = 6.9893e-04
Loss = 2.4127e-01, PNorm = 39.8127, GNorm = 3.3531, lr_0 = 6.9619e-04
Loss = 2.1002e-01, PNorm = 39.8555, GNorm = 0.9081, lr_0 = 6.9345e-04
Loss = 3.1368e-01, PNorm = 39.8946, GNorm = 0.9220, lr_0 = 6.9073e-04
Loss = 2.6659e-01, PNorm = 39.9446, GNorm = 0.8960, lr_0 = 6.8802e-04
Loss = 2.8751e-01, PNorm = 39.9715, GNorm = 0.5035, lr_0 = 6.8532e-04
Loss = 2.7402e-01, PNorm = 40.0227, GNorm = 1.9431, lr_0 = 6.8263e-04
Loss = 2.6370e-01, PNorm = 40.0712, GNorm = 0.9049, lr_0 = 6.7995e-04
Validation mcc = 0.664015
Epoch 10
Loss = 1.7894e-01, PNorm = 40.1300, GNorm = 1.0351, lr_0 = 6.7702e-04
Loss = 2.3089e-01, PNorm = 40.1720, GNorm = 0.7709, lr_0 = 6.7436e-04
Loss = 2.9695e-01, PNorm = 40.2116, GNorm = 1.2084, lr_0 = 6.7172e-04
Loss = 2.7955e-01, PNorm = 40.2406, GNorm = 0.8611, lr_0 = 6.6908e-04
Loss = 3.0052e-01, PNorm = 40.2697, GNorm = 1.1789, lr_0 = 6.6645e-04
Loss = 2.1242e-01, PNorm = 40.3164, GNorm = 1.3809, lr_0 = 6.6384e-04
Loss = 2.5672e-01, PNorm = 40.3516, GNorm = 1.0962, lr_0 = 6.6123e-04
Loss = 2.5738e-01, PNorm = 40.3869, GNorm = 1.9333, lr_0 = 6.5864e-04
Loss = 2.4566e-01, PNorm = 40.4145, GNorm = 0.7683, lr_0 = 6.5605e-04
Loss = 2.6105e-01, PNorm = 40.4506, GNorm = 1.0104, lr_0 = 6.5348e-04
Loss = 2.4104e-01, PNorm = 40.4998, GNorm = 1.0468, lr_0 = 6.5092e-04
Loss = 1.9507e-01, PNorm = 40.5517, GNorm = 0.6882, lr_0 = 6.4836e-04
Validation mcc = 0.674861
Epoch 11
Loss = 2.3014e-01, PNorm = 40.5966, GNorm = 1.2427, lr_0 = 6.4582e-04
Loss = 2.0810e-01, PNorm = 40.6358, GNorm = 1.3500, lr_0 = 6.4328e-04
Loss = 2.4045e-01, PNorm = 40.6744, GNorm = 0.8288, lr_0 = 6.4076e-04
Loss = 2.3297e-01, PNorm = 40.7088, GNorm = 2.1461, lr_0 = 6.3824e-04
Loss = 2.5301e-01, PNorm = 40.7427, GNorm = 0.9288, lr_0 = 6.3574e-04
Loss = 2.6156e-01, PNorm = 40.7941, GNorm = 1.1976, lr_0 = 6.3324e-04
Loss = 2.5281e-01, PNorm = 40.8276, GNorm = 0.9385, lr_0 = 6.3076e-04
Loss = 1.8852e-01, PNorm = 40.8574, GNorm = 0.6431, lr_0 = 6.2828e-04
Loss = 2.5509e-01, PNorm = 40.8908, GNorm = 0.7978, lr_0 = 6.2582e-04
Loss = 2.5172e-01, PNorm = 40.9278, GNorm = 1.1730, lr_0 = 6.2336e-04
Loss = 2.3555e-01, PNorm = 40.9664, GNorm = 0.7637, lr_0 = 6.2092e-04
Loss = 2.1615e-01, PNorm = 41.0006, GNorm = 1.2932, lr_0 = 6.1848e-04
Loss = 2.6605e-01, PNorm = 41.0232, GNorm = 0.9661, lr_0 = 6.1605e-04
Loss = 1.7635e-01, PNorm = 41.0255, GNorm = 0.8273, lr_0 = 6.1581e-04
Validation mcc = 0.677670
Epoch 12
Loss = 2.1549e-01, PNorm = 41.0590, GNorm = 0.6763, lr_0 = 6.1339e-04
Loss = 2.1006e-01, PNorm = 41.0978, GNorm = 1.0402, lr_0 = 6.1099e-04
Loss = 2.1408e-01, PNorm = 41.1339, GNorm = 0.8971, lr_0 = 6.0859e-04
Loss = 1.9330e-01, PNorm = 41.1731, GNorm = 0.9846, lr_0 = 6.0620e-04
Loss = 1.9393e-01, PNorm = 41.2124, GNorm = 1.5205, lr_0 = 6.0382e-04
Loss = 2.5106e-01, PNorm = 41.2476, GNorm = 2.3262, lr_0 = 6.0145e-04
Loss = 2.3725e-01, PNorm = 41.2703, GNorm = 0.6550, lr_0 = 5.9909e-04
Loss = 2.3915e-01, PNorm = 41.3128, GNorm = 1.0221, lr_0 = 5.9674e-04
Loss = 2.4360e-01, PNorm = 41.3497, GNorm = 0.8486, lr_0 = 5.9440e-04
Loss = 2.3523e-01, PNorm = 41.3825, GNorm = 1.1985, lr_0 = 5.9207e-04
Loss = 2.5682e-01, PNorm = 41.4093, GNorm = 1.3873, lr_0 = 5.8974e-04
Loss = 2.4828e-01, PNorm = 41.4376, GNorm = 1.4549, lr_0 = 5.8743e-04
Validation mcc = 0.712970
Epoch 13
Loss = 1.7426e-01, PNorm = 41.4774, GNorm = 0.9828, lr_0 = 5.8512e-04
Loss = 2.1663e-01, PNorm = 41.5178, GNorm = 1.8451, lr_0 = 5.8283e-04
Loss = 2.3080e-01, PNorm = 41.5563, GNorm = 0.7655, lr_0 = 5.8054e-04
Loss = 2.0731e-01, PNorm = 41.5935, GNorm = 1.6019, lr_0 = 5.7826e-04
Loss = 2.5353e-01, PNorm = 41.6340, GNorm = 0.8800, lr_0 = 5.7599e-04
Loss = 2.3699e-01, PNorm = 41.6723, GNorm = 1.2897, lr_0 = 5.7373e-04
Loss = 2.5115e-01, PNorm = 41.7086, GNorm = 0.6296, lr_0 = 5.7148e-04
Loss = 2.0964e-01, PNorm = 41.7551, GNorm = 1.2538, lr_0 = 5.6924e-04
Loss = 2.3493e-01, PNorm = 41.7881, GNorm = 0.5365, lr_0 = 5.6700e-04
Loss = 2.0022e-01, PNorm = 41.8183, GNorm = 0.5705, lr_0 = 5.6478e-04
Loss = 2.3956e-01, PNorm = 41.8534, GNorm = 0.9700, lr_0 = 5.6256e-04
Loss = 2.1060e-01, PNorm = 41.8836, GNorm = 1.2606, lr_0 = 5.6035e-04
Validation mcc = 0.713723
Epoch 14
Loss = 2.2000e-01, PNorm = 41.9114, GNorm = 0.7584, lr_0 = 5.5794e-04
Loss = 2.0889e-01, PNorm = 41.9546, GNorm = 0.9280, lr_0 = 5.5575e-04
Loss = 2.3864e-01, PNorm = 41.9851, GNorm = 1.5419, lr_0 = 5.5357e-04
Loss = 2.3105e-01, PNorm = 42.0162, GNorm = 0.9512, lr_0 = 5.5139e-04
Loss = 2.1621e-01, PNorm = 42.0569, GNorm = 0.7701, lr_0 = 5.4923e-04
Loss = 1.8173e-01, PNorm = 42.0969, GNorm = 0.9576, lr_0 = 5.4707e-04
Loss = 2.4348e-01, PNorm = 42.1192, GNorm = 0.7877, lr_0 = 5.4493e-04
Loss = 1.9454e-01, PNorm = 42.1471, GNorm = 0.8724, lr_0 = 5.4279e-04
Loss = 2.0129e-01, PNorm = 42.1840, GNorm = 0.7283, lr_0 = 5.4066e-04
Loss = 2.1500e-01, PNorm = 42.2185, GNorm = 1.0031, lr_0 = 5.3854e-04
Loss = 2.3110e-01, PNorm = 42.2540, GNorm = 0.7650, lr_0 = 5.3642e-04
Loss = 2.0171e-01, PNorm = 42.2885, GNorm = 0.7944, lr_0 = 5.3432e-04
Validation mcc = 0.693919
Epoch 15
Loss = 2.0219e-01, PNorm = 42.3187, GNorm = 1.2263, lr_0 = 5.3222e-04
Loss = 1.5773e-01, PNorm = 42.3450, GNorm = 0.9364, lr_0 = 5.3013e-04
Loss = 1.9191e-01, PNorm = 42.3843, GNorm = 0.4243, lr_0 = 5.2805e-04
Loss = 2.1868e-01, PNorm = 42.4123, GNorm = 1.2032, lr_0 = 5.2598e-04
Loss = 2.0626e-01, PNorm = 42.4389, GNorm = 1.0323, lr_0 = 5.2392e-04
Loss = 1.5174e-01, PNorm = 42.4794, GNorm = 0.6837, lr_0 = 5.2186e-04
Loss = 2.0788e-01, PNorm = 42.5104, GNorm = 1.0903, lr_0 = 5.1981e-04
Loss = 1.7706e-01, PNorm = 42.5516, GNorm = 1.1828, lr_0 = 5.1777e-04
Loss = 1.8389e-01, PNorm = 42.5828, GNorm = 1.7894, lr_0 = 5.1574e-04
Loss = 1.8274e-01, PNorm = 42.6078, GNorm = 1.4401, lr_0 = 5.1372e-04
Loss = 2.0410e-01, PNorm = 42.6325, GNorm = 1.5431, lr_0 = 5.1170e-04
Loss = 2.3080e-01, PNorm = 42.6448, GNorm = 1.0280, lr_0 = 5.0969e-04
Loss = 2.2558e-01, PNorm = 42.6773, GNorm = 1.3458, lr_0 = 5.0769e-04
Loss = 4.8585e-01, PNorm = 42.6810, GNorm = 2.9597, lr_0 = 5.0749e-04
Validation mcc = 0.719611
Epoch 16
Loss = 1.8071e-01, PNorm = 42.7239, GNorm = 1.0035, lr_0 = 5.0550e-04
Loss = 1.6039e-01, PNorm = 42.7606, GNorm = 0.6745, lr_0 = 5.0352e-04
Loss = 1.6378e-01, PNorm = 42.8039, GNorm = 0.7391, lr_0 = 5.0154e-04
Loss = 2.0789e-01, PNorm = 42.8328, GNorm = 0.9766, lr_0 = 4.9957e-04
Loss = 1.9675e-01, PNorm = 42.8551, GNorm = 1.1975, lr_0 = 4.9761e-04
Loss = 1.8911e-01, PNorm = 42.8781, GNorm = 0.7433, lr_0 = 4.9566e-04
Loss = 1.9396e-01, PNorm = 42.9065, GNorm = 1.0272, lr_0 = 4.9372e-04
Loss = 2.3603e-01, PNorm = 42.9285, GNorm = 1.7216, lr_0 = 4.9178e-04
Loss = 1.7131e-01, PNorm = 42.9548, GNorm = 1.1335, lr_0 = 4.8985e-04
Loss = 1.7949e-01, PNorm = 42.9939, GNorm = 1.3986, lr_0 = 4.8793e-04
Loss = 2.2965e-01, PNorm = 43.0278, GNorm = 1.3217, lr_0 = 4.8601e-04
Loss = 1.6250e-01, PNorm = 43.0538, GNorm = 1.5501, lr_0 = 4.8410e-04
Validation mcc = 0.705417
Epoch 17
Loss = 1.8300e-01, PNorm = 43.0920, GNorm = 1.1871, lr_0 = 4.8220e-04
Loss = 1.7160e-01, PNorm = 43.1283, GNorm = 0.7364, lr_0 = 4.8031e-04
Loss = 1.9900e-01, PNorm = 43.1568, GNorm = 1.2318, lr_0 = 4.7843e-04
Loss = 1.9560e-01, PNorm = 43.1931, GNorm = 0.8132, lr_0 = 4.7655e-04
Loss = 1.7269e-01, PNorm = 43.2240, GNorm = 0.7567, lr_0 = 4.7468e-04
Loss = 1.3954e-01, PNorm = 43.2626, GNorm = 0.5589, lr_0 = 4.7282e-04
Loss = 1.9035e-01, PNorm = 43.3002, GNorm = 1.1089, lr_0 = 4.7096e-04
Loss = 1.9264e-01, PNorm = 43.3136, GNorm = 1.2582, lr_0 = 4.6911e-04
Loss = 1.9246e-01, PNorm = 43.3335, GNorm = 1.3427, lr_0 = 4.6727e-04
Loss = 2.1303e-01, PNorm = 43.3574, GNorm = 2.5827, lr_0 = 4.6544e-04
Loss = 1.7287e-01, PNorm = 43.3845, GNorm = 1.2895, lr_0 = 4.6361e-04
Loss = 1.9958e-01, PNorm = 43.4110, GNorm = 0.8396, lr_0 = 4.6179e-04
Validation mcc = 0.721904
Epoch 18
Loss = 2.0249e-01, PNorm = 43.4379, GNorm = 0.9664, lr_0 = 4.5998e-04
Loss = 1.3836e-01, PNorm = 43.4723, GNorm = 0.7055, lr_0 = 4.5818e-04
Loss = 1.6461e-01, PNorm = 43.5071, GNorm = 1.4779, lr_0 = 4.5638e-04
Loss = 1.6376e-01, PNorm = 43.5386, GNorm = 0.7860, lr_0 = 4.5459e-04
Loss = 1.6185e-01, PNorm = 43.5714, GNorm = 1.1756, lr_0 = 4.5280e-04
Loss = 1.4827e-01, PNorm = 43.6069, GNorm = 1.7794, lr_0 = 4.5103e-04
Loss = 2.1484e-01, PNorm = 43.6239, GNorm = 1.2921, lr_0 = 4.4926e-04
Loss = 2.0254e-01, PNorm = 43.6401, GNorm = 1.6105, lr_0 = 4.4749e-04
Loss = 1.5876e-01, PNorm = 43.6717, GNorm = 1.0091, lr_0 = 4.4574e-04
Loss = 1.9005e-01, PNorm = 43.7003, GNorm = 0.8116, lr_0 = 4.4399e-04
Loss = 1.5741e-01, PNorm = 43.7206, GNorm = 1.1460, lr_0 = 4.4224e-04
Loss = 1.8911e-01, PNorm = 43.7410, GNorm = 0.7800, lr_0 = 4.4051e-04
Validation mcc = 0.709603
Epoch 19
Loss = 1.5328e-01, PNorm = 43.7713, GNorm = 0.9281, lr_0 = 4.3861e-04
Loss = 1.5116e-01, PNorm = 43.8014, GNorm = 0.5102, lr_0 = 4.3689e-04
Loss = 1.5556e-01, PNorm = 43.8312, GNorm = 0.7803, lr_0 = 4.3517e-04
Loss = 1.5703e-01, PNorm = 43.8589, GNorm = 1.7743, lr_0 = 4.3346e-04
Loss = 1.7160e-01, PNorm = 43.8904, GNorm = 0.8533, lr_0 = 4.3176e-04
Loss = 1.5067e-01, PNorm = 43.9231, GNorm = 0.9109, lr_0 = 4.3007e-04
Loss = 1.9002e-01, PNorm = 43.9482, GNorm = 1.1087, lr_0 = 4.2838e-04
Loss = 1.7193e-01, PNorm = 43.9785, GNorm = 1.2270, lr_0 = 4.2670e-04
Loss = 1.5948e-01, PNorm = 43.9969, GNorm = 1.0910, lr_0 = 4.2503e-04
Loss = 1.8850e-01, PNorm = 44.0211, GNorm = 1.5288, lr_0 = 4.2336e-04
Loss = 1.3567e-01, PNorm = 44.0487, GNorm = 1.5467, lr_0 = 4.2170e-04
Loss = 1.7553e-01, PNorm = 44.0626, GNorm = 0.8155, lr_0 = 4.2004e-04
Loss = 1.4844e-01, PNorm = 44.0810, GNorm = 1.0613, lr_0 = 4.1839e-04
Validation mcc = 0.706406
Epoch 20
Loss = 1.3866e-01, PNorm = 44.1080, GNorm = 0.9790, lr_0 = 4.1675e-04
Loss = 1.6412e-01, PNorm = 44.1404, GNorm = 1.4253, lr_0 = 4.1512e-04
Loss = 1.5999e-01, PNorm = 44.1790, GNorm = 1.6050, lr_0 = 4.1349e-04
Loss = 1.5158e-01, PNorm = 44.2077, GNorm = 1.1619, lr_0 = 4.1186e-04
Loss = 1.7024e-01, PNorm = 44.2286, GNorm = 0.9757, lr_0 = 4.1025e-04
Loss = 1.5522e-01, PNorm = 44.2503, GNorm = 0.9984, lr_0 = 4.0864e-04
Loss = 1.8551e-01, PNorm = 44.2764, GNorm = 1.0694, lr_0 = 4.0703e-04
Loss = 1.4988e-01, PNorm = 44.3009, GNorm = 1.3808, lr_0 = 4.0544e-04
Loss = 1.7101e-01, PNorm = 44.3255, GNorm = 1.4396, lr_0 = 4.0385e-04
Loss = 1.5660e-01, PNorm = 44.3562, GNorm = 1.8178, lr_0 = 4.0226e-04
Loss = 1.5670e-01, PNorm = 44.3698, GNorm = 0.5504, lr_0 = 4.0068e-04
Loss = 1.9885e-01, PNorm = 44.3893, GNorm = 0.7354, lr_0 = 3.9911e-04
Validation mcc = 0.705640
Epoch 21
Loss = 1.2482e-01, PNorm = 44.4172, GNorm = 0.7598, lr_0 = 3.9739e-04
Loss = 1.6068e-01, PNorm = 44.4414, GNorm = 1.1262, lr_0 = 3.9583e-04
Loss = 1.5641e-01, PNorm = 44.4660, GNorm = 1.7614, lr_0 = 3.9427e-04
Loss = 1.7035e-01, PNorm = 44.4889, GNorm = 1.1084, lr_0 = 3.9273e-04
Loss = 1.7199e-01, PNorm = 44.5076, GNorm = 0.9184, lr_0 = 3.9119e-04
Loss = 1.4319e-01, PNorm = 44.5363, GNorm = 1.3834, lr_0 = 3.8965e-04
Loss = 1.7057e-01, PNorm = 44.5592, GNorm = 1.8138, lr_0 = 3.8812e-04
Loss = 1.3383e-01, PNorm = 44.5893, GNorm = 0.7225, lr_0 = 3.8660e-04
Loss = 1.6305e-01, PNorm = 44.6197, GNorm = 0.9554, lr_0 = 3.8508e-04
Loss = 1.6318e-01, PNorm = 44.6444, GNorm = 1.0554, lr_0 = 3.8357e-04
Loss = 1.6216e-01, PNorm = 44.6627, GNorm = 0.4954, lr_0 = 3.8207e-04
Loss = 1.4286e-01, PNorm = 44.6837, GNorm = 2.1656, lr_0 = 3.8057e-04
Validation mcc = 0.689975
Epoch 22
Loss = 1.1521e-01, PNorm = 44.7095, GNorm = 1.1637, lr_0 = 3.7907e-04
Loss = 1.4264e-01, PNorm = 44.7321, GNorm = 1.6598, lr_0 = 3.7759e-04
Loss = 1.2599e-01, PNorm = 44.7574, GNorm = 1.2930, lr_0 = 3.7610e-04
Loss = 1.2767e-01, PNorm = 44.7830, GNorm = 1.1658, lr_0 = 3.7463e-04
Loss = 1.6064e-01, PNorm = 44.7979, GNorm = 0.5579, lr_0 = 3.7316e-04
Loss = 1.5292e-01, PNorm = 44.8141, GNorm = 1.1618, lr_0 = 3.7169e-04
Loss = 1.4089e-01, PNorm = 44.8376, GNorm = 2.4200, lr_0 = 3.7023e-04
Loss = 1.6309e-01, PNorm = 44.8601, GNorm = 2.1753, lr_0 = 3.6878e-04
Loss = 1.3035e-01, PNorm = 44.8835, GNorm = 0.9110, lr_0 = 3.6733e-04
Loss = 1.5156e-01, PNorm = 44.9111, GNorm = 0.8806, lr_0 = 3.6589e-04
Loss = 1.5543e-01, PNorm = 44.9340, GNorm = 1.4593, lr_0 = 3.6446e-04
Loss = 1.4668e-01, PNorm = 44.9583, GNorm = 1.0967, lr_0 = 3.6303e-04
Validation mcc = 0.718673
Epoch 23
Loss = 7.4976e-02, PNorm = 44.9807, GNorm = 1.3848, lr_0 = 3.6146e-04
Loss = 1.3884e-01, PNorm = 45.0020, GNorm = 0.8130, lr_0 = 3.6004e-04
Loss = 1.1266e-01, PNorm = 45.0253, GNorm = 1.2732, lr_0 = 3.5863e-04
Loss = 1.2417e-01, PNorm = 45.0478, GNorm = 0.7092, lr_0 = 3.5722e-04
Loss = 1.3052e-01, PNorm = 45.0731, GNorm = 1.3213, lr_0 = 3.5582e-04
Loss = 1.3248e-01, PNorm = 45.0971, GNorm = 1.3596, lr_0 = 3.5442e-04
Loss = 1.0376e-01, PNorm = 45.1190, GNorm = 0.9133, lr_0 = 3.5303e-04
Loss = 1.3410e-01, PNorm = 45.1427, GNorm = 1.5483, lr_0 = 3.5165e-04
Loss = 1.2558e-01, PNorm = 45.1572, GNorm = 1.4632, lr_0 = 3.5027e-04
Loss = 1.4110e-01, PNorm = 45.1707, GNorm = 1.0676, lr_0 = 3.4889e-04
Loss = 1.2654e-01, PNorm = 45.1897, GNorm = 2.0497, lr_0 = 3.4752e-04
Loss = 1.3234e-01, PNorm = 45.2054, GNorm = 0.6687, lr_0 = 3.4616e-04
Loss = 1.6528e-01, PNorm = 45.2256, GNorm = 1.4345, lr_0 = 3.4480e-04
Validation mcc = 0.669101
Epoch 24
Loss = 1.3036e-01, PNorm = 45.2379, GNorm = 0.9210, lr_0 = 3.4345e-04
Loss = 1.4833e-01, PNorm = 45.2599, GNorm = 1.2518, lr_0 = 3.4210e-04
Loss = 1.1941e-01, PNorm = 45.2817, GNorm = 1.0765, lr_0 = 3.4076e-04
Loss = 1.1744e-01, PNorm = 45.3040, GNorm = 1.0983, lr_0 = 3.3942e-04
Loss = 1.1822e-01, PNorm = 45.3268, GNorm = 0.7117, lr_0 = 3.3809e-04
Loss = 1.1899e-01, PNorm = 45.3480, GNorm = 1.6710, lr_0 = 3.3676e-04
Loss = 1.1738e-01, PNorm = 45.3655, GNorm = 1.0165, lr_0 = 3.3544e-04
Loss = 1.5630e-01, PNorm = 45.3834, GNorm = 1.5579, lr_0 = 3.3412e-04
Loss = 1.6148e-01, PNorm = 45.4049, GNorm = 1.0679, lr_0 = 3.3281e-04
Loss = 1.1438e-01, PNorm = 45.4264, GNorm = 0.6614, lr_0 = 3.3151e-04
Loss = 1.1857e-01, PNorm = 45.4488, GNorm = 1.2553, lr_0 = 3.3021e-04
Loss = 1.1999e-01, PNorm = 45.4649, GNorm = 1.3357, lr_0 = 3.2891e-04
Validation mcc = 0.707100
Epoch 25
Loss = 1.3527e-01, PNorm = 45.4854, GNorm = 1.2216, lr_0 = 3.2762e-04
Loss = 1.3144e-01, PNorm = 45.4998, GNorm = 1.2992, lr_0 = 3.2633e-04
Loss = 1.1619e-01, PNorm = 45.5227, GNorm = 0.7694, lr_0 = 3.2505e-04
Loss = 1.0483e-01, PNorm = 45.5442, GNorm = 1.0174, lr_0 = 3.2378e-04
Loss = 1.0521e-01, PNorm = 45.5683, GNorm = 1.2145, lr_0 = 3.2251e-04
Loss = 1.3894e-01, PNorm = 45.5888, GNorm = 1.5027, lr_0 = 3.2124e-04
Loss = 1.0784e-01, PNorm = 45.6114, GNorm = 1.6987, lr_0 = 3.1998e-04
Loss = 1.3182e-01, PNorm = 45.6297, GNorm = 0.7784, lr_0 = 3.1872e-04
Loss = 1.1625e-01, PNorm = 45.6498, GNorm = 0.9690, lr_0 = 3.1747e-04
Loss = 1.0763e-01, PNorm = 45.6692, GNorm = 0.9936, lr_0 = 3.1623e-04
Loss = 1.0492e-01, PNorm = 45.6923, GNorm = 0.7480, lr_0 = 3.1499e-04
Loss = 1.3589e-01, PNorm = 45.7095, GNorm = 1.6429, lr_0 = 3.1375e-04
Validation mcc = 0.720408
Epoch 26
Loss = 8.1467e-02, PNorm = 45.7269, GNorm = 1.0384, lr_0 = 3.1240e-04
Loss = 1.2047e-01, PNorm = 45.7417, GNorm = 1.4534, lr_0 = 3.1117e-04
Loss = 1.2812e-01, PNorm = 45.7619, GNorm = 1.1580, lr_0 = 3.0995e-04
Loss = 1.3127e-01, PNorm = 45.7827, GNorm = 1.7781, lr_0 = 3.0873e-04
Loss = 1.1495e-01, PNorm = 45.8024, GNorm = 0.6859, lr_0 = 3.0752e-04
Loss = 9.1102e-02, PNorm = 45.8260, GNorm = 1.1120, lr_0 = 3.0631e-04
Loss = 1.3179e-01, PNorm = 45.8432, GNorm = 1.5457, lr_0 = 3.0511e-04
Loss = 8.9268e-02, PNorm = 45.8614, GNorm = 1.0671, lr_0 = 3.0392e-04
Loss = 1.1906e-01, PNorm = 45.8808, GNorm = 1.9972, lr_0 = 3.0272e-04
Loss = 1.1063e-01, PNorm = 45.8937, GNorm = 1.2991, lr_0 = 3.0153e-04
Loss = 1.2182e-01, PNorm = 45.9087, GNorm = 2.7219, lr_0 = 3.0035e-04
Loss = 1.0586e-01, PNorm = 45.9261, GNorm = 0.8214, lr_0 = 2.9917e-04
Validation mcc = 0.721776
Epoch 27
Loss = 1.0372e-01, PNorm = 45.9473, GNorm = 1.1311, lr_0 = 2.9800e-04
Loss = 9.3904e-02, PNorm = 45.9677, GNorm = 0.9001, lr_0 = 2.9683e-04
Loss = 1.0181e-01, PNorm = 45.9867, GNorm = 1.0109, lr_0 = 2.9566e-04
Loss = 1.0996e-01, PNorm = 46.0029, GNorm = 1.0184, lr_0 = 2.9450e-04
Loss = 1.0755e-01, PNorm = 46.0175, GNorm = 1.5170, lr_0 = 2.9335e-04
Loss = 9.3460e-02, PNorm = 46.0350, GNorm = 1.5504, lr_0 = 2.9220e-04
Loss = 1.3181e-01, PNorm = 46.0484, GNorm = 1.6428, lr_0 = 2.9105e-04
Loss = 1.4026e-01, PNorm = 46.0627, GNorm = 0.7581, lr_0 = 2.8991e-04
Loss = 1.1854e-01, PNorm = 46.0811, GNorm = 1.4619, lr_0 = 2.8877e-04
Loss = 9.9028e-02, PNorm = 46.1000, GNorm = 0.9336, lr_0 = 2.8764e-04
Loss = 1.1176e-01, PNorm = 46.1195, GNorm = 0.9506, lr_0 = 2.8651e-04
Loss = 1.0924e-01, PNorm = 46.1401, GNorm = 1.5393, lr_0 = 2.8538e-04
Loss = 1.4125e-01, PNorm = 46.1532, GNorm = 1.3710, lr_0 = 2.8426e-04
Validation mcc = 0.719856
Epoch 28
Loss = 9.0905e-02, PNorm = 46.1709, GNorm = 0.9395, lr_0 = 2.8304e-04
Loss = 1.1183e-01, PNorm = 46.1910, GNorm = 1.1481, lr_0 = 2.8193e-04
Loss = 1.2256e-01, PNorm = 46.2097, GNorm = 2.1299, lr_0 = 2.8082e-04
Loss = 1.1149e-01, PNorm = 46.2296, GNorm = 1.7370, lr_0 = 2.7972e-04
Loss = 8.5136e-02, PNorm = 46.2488, GNorm = 1.3203, lr_0 = 2.7862e-04
Loss = 1.1551e-01, PNorm = 46.2649, GNorm = 1.4225, lr_0 = 2.7753e-04
Loss = 9.0153e-02, PNorm = 46.2812, GNorm = 0.9782, lr_0 = 2.7644e-04
Loss = 1.1798e-01, PNorm = 46.2969, GNorm = 1.6112, lr_0 = 2.7535e-04
Loss = 1.0956e-01, PNorm = 46.3089, GNorm = 1.6916, lr_0 = 2.7427e-04
Loss = 9.2714e-02, PNorm = 46.3236, GNorm = 0.4068, lr_0 = 2.7320e-04
Loss = 1.0343e-01, PNorm = 46.3350, GNorm = 0.9345, lr_0 = 2.7212e-04
Loss = 1.3098e-01, PNorm = 46.3476, GNorm = 1.5479, lr_0 = 2.7106e-04
Validation mcc = 0.709071
Epoch 29
Loss = 1.1484e-01, PNorm = 46.3667, GNorm = 0.9245, lr_0 = 2.6999e-04
Loss = 1.0274e-01, PNorm = 46.3825, GNorm = 1.0829, lr_0 = 2.6893e-04
Loss = 8.4936e-02, PNorm = 46.3965, GNorm = 1.6048, lr_0 = 2.6788e-04
Loss = 1.0225e-01, PNorm = 46.4083, GNorm = 1.3494, lr_0 = 2.6683e-04
Loss = 1.0118e-01, PNorm = 46.4234, GNorm = 1.0519, lr_0 = 2.6578e-04
Loss = 9.9125e-02, PNorm = 46.4394, GNorm = 0.7505, lr_0 = 2.6474e-04
Loss = 7.1845e-02, PNorm = 46.4544, GNorm = 1.6997, lr_0 = 2.6370e-04
Loss = 1.0649e-01, PNorm = 46.4717, GNorm = 1.9385, lr_0 = 2.6266e-04
Loss = 9.9507e-02, PNorm = 46.4844, GNorm = 1.7729, lr_0 = 2.6163e-04
Loss = 6.9008e-02, PNorm = 46.5023, GNorm = 0.7389, lr_0 = 2.6061e-04
Loss = 1.1231e-01, PNorm = 46.5169, GNorm = 1.0513, lr_0 = 2.5958e-04
Loss = 1.1019e-01, PNorm = 46.5281, GNorm = 0.4604, lr_0 = 2.5856e-04
Validation mcc = 0.711412
Epoch 30
Loss = 5.7540e-02, PNorm = 46.5457, GNorm = 0.6198, lr_0 = 2.5745e-04
Loss = 9.0989e-02, PNorm = 46.5633, GNorm = 1.0398, lr_0 = 2.5644e-04
Loss = 9.2072e-02, PNorm = 46.5810, GNorm = 1.6285, lr_0 = 2.5543e-04
Loss = 7.4881e-02, PNorm = 46.5989, GNorm = 1.0786, lr_0 = 2.5443e-04
Loss = 9.9096e-02, PNorm = 46.6141, GNorm = 0.9971, lr_0 = 2.5343e-04
Loss = 9.6096e-02, PNorm = 46.6283, GNorm = 0.7388, lr_0 = 2.5244e-04
Loss = 9.5387e-02, PNorm = 46.6446, GNorm = 1.7390, lr_0 = 2.5145e-04
Loss = 9.6850e-02, PNorm = 46.6599, GNorm = 3.4756, lr_0 = 2.5046e-04
Loss = 8.6160e-02, PNorm = 46.6695, GNorm = 0.9697, lr_0 = 2.4948e-04
Loss = 1.0104e-01, PNorm = 46.6857, GNorm = 1.5274, lr_0 = 2.4850e-04
Loss = 8.5921e-02, PNorm = 46.6963, GNorm = 1.4649, lr_0 = 2.4752e-04
Loss = 8.1119e-02, PNorm = 46.7079, GNorm = 1.4155, lr_0 = 2.4655e-04
Validation mcc = 0.680935
Epoch 31
Loss = 1.3623e-01, PNorm = 46.7192, GNorm = 1.5426, lr_0 = 2.4558e-04
Loss = 1.0588e-01, PNorm = 46.7303, GNorm = 2.4162, lr_0 = 2.4462e-04
Loss = 9.8822e-02, PNorm = 46.7402, GNorm = 1.3426, lr_0 = 2.4366e-04
Loss = 8.6094e-02, PNorm = 46.7577, GNorm = 1.1009, lr_0 = 2.4270e-04
Loss = 1.1631e-01, PNorm = 46.7704, GNorm = 1.7423, lr_0 = 2.4175e-04
Loss = 1.1920e-01, PNorm = 46.7845, GNorm = 2.7204, lr_0 = 2.4080e-04
Loss = 7.0321e-02, PNorm = 46.7970, GNorm = 1.3823, lr_0 = 2.3986e-04
Loss = 8.8335e-02, PNorm = 46.8113, GNorm = 1.2682, lr_0 = 2.3892e-04
Loss = 1.0463e-01, PNorm = 46.8238, GNorm = 2.0601, lr_0 = 2.3798e-04
Loss = 7.1149e-02, PNorm = 46.8345, GNorm = 1.5007, lr_0 = 2.3704e-04
Loss = 7.0315e-02, PNorm = 46.8506, GNorm = 0.7896, lr_0 = 2.3611e-04
Loss = 8.7811e-02, PNorm = 46.8660, GNorm = 0.8944, lr_0 = 2.3519e-04
Loss = 6.6199e-02, PNorm = 46.8745, GNorm = 0.9057, lr_0 = 2.3426e-04
Validation mcc = 0.707764
Epoch 32
Loss = 6.8254e-02, PNorm = 46.8880, GNorm = 1.2956, lr_0 = 2.3325e-04
Loss = 1.0019e-01, PNorm = 46.9043, GNorm = 1.1629, lr_0 = 2.3234e-04
Loss = 9.7781e-02, PNorm = 46.9188, GNorm = 2.2371, lr_0 = 2.3143e-04
Loss = 8.7231e-02, PNorm = 46.9310, GNorm = 0.8264, lr_0 = 2.3052e-04
Loss = 7.8586e-02, PNorm = 46.9442, GNorm = 1.0359, lr_0 = 2.2961e-04
Loss = 7.7953e-02, PNorm = 46.9559, GNorm = 1.0610, lr_0 = 2.2871e-04
Loss = 7.7319e-02, PNorm = 46.9663, GNorm = 0.8272, lr_0 = 2.2781e-04
Loss = 8.8695e-02, PNorm = 46.9761, GNorm = 1.1407, lr_0 = 2.2692e-04
Loss = 8.0475e-02, PNorm = 46.9905, GNorm = 1.0106, lr_0 = 2.2603e-04
Loss = 7.5889e-02, PNorm = 47.0034, GNorm = 0.9976, lr_0 = 2.2514e-04
Loss = 1.0144e-01, PNorm = 47.0130, GNorm = 1.0133, lr_0 = 2.2426e-04
Loss = 6.6356e-02, PNorm = 47.0223, GNorm = 0.6573, lr_0 = 2.2338e-04
Validation mcc = 0.698448
Epoch 33
Loss = 7.4449e-02, PNorm = 47.0343, GNorm = 0.5792, lr_0 = 2.2250e-04
Loss = 7.3198e-02, PNorm = 47.0450, GNorm = 0.6511, lr_0 = 2.2163e-04
Loss = 7.5696e-02, PNorm = 47.0574, GNorm = 1.0295, lr_0 = 2.2076e-04
Loss = 7.4221e-02, PNorm = 47.0708, GNorm = 1.0816, lr_0 = 2.1989e-04
Loss = 7.6895e-02, PNorm = 47.0859, GNorm = 1.3864, lr_0 = 2.1903e-04
Loss = 7.1720e-02, PNorm = 47.1006, GNorm = 1.3688, lr_0 = 2.1817e-04
Loss = 5.3653e-02, PNorm = 47.1139, GNorm = 0.4760, lr_0 = 2.1732e-04
Loss = 6.2564e-02, PNorm = 47.1255, GNorm = 1.6832, lr_0 = 2.1646e-04
Loss = 8.0277e-02, PNorm = 47.1346, GNorm = 1.9208, lr_0 = 2.1561e-04
Loss = 7.6706e-02, PNorm = 47.1444, GNorm = 0.8249, lr_0 = 2.1477e-04
Loss = 7.9654e-02, PNorm = 47.1538, GNorm = 1.0926, lr_0 = 2.1392e-04
Loss = 7.6016e-02, PNorm = 47.1657, GNorm = 2.5279, lr_0 = 2.1308e-04
Validation mcc = 0.710281
Epoch 34
Loss = 5.1083e-02, PNorm = 47.1774, GNorm = 1.4100, lr_0 = 2.1225e-04
Loss = 7.4564e-02, PNorm = 47.1855, GNorm = 1.0840, lr_0 = 2.1142e-04
Loss = 6.5392e-02, PNorm = 47.1980, GNorm = 0.7781, lr_0 = 2.1059e-04
Loss = 9.0781e-02, PNorm = 47.2120, GNorm = 1.5770, lr_0 = 2.0976e-04
Loss = 7.3128e-02, PNorm = 47.2235, GNorm = 1.0770, lr_0 = 2.0894e-04
Loss = 8.2010e-02, PNorm = 47.2389, GNorm = 1.8224, lr_0 = 2.0812e-04
Loss = 7.0424e-02, PNorm = 47.2518, GNorm = 0.4182, lr_0 = 2.0730e-04
Loss = 8.0385e-02, PNorm = 47.2648, GNorm = 3.6981, lr_0 = 2.0649e-04
Loss = 9.0123e-02, PNorm = 47.2731, GNorm = 1.0463, lr_0 = 2.0568e-04
Loss = 7.8893e-02, PNorm = 47.2813, GNorm = 1.7068, lr_0 = 2.0487e-04
Loss = 5.6128e-02, PNorm = 47.2914, GNorm = 1.0995, lr_0 = 2.0406e-04
Loss = 7.1233e-02, PNorm = 47.3003, GNorm = 1.5208, lr_0 = 2.0326e-04
Validation mcc = 0.705183
Epoch 35
Loss = 9.7297e-02, PNorm = 47.3136, GNorm = 1.9257, lr_0 = 2.0239e-04
Loss = 5.5119e-02, PNorm = 47.3248, GNorm = 1.7536, lr_0 = 2.0159e-04
Loss = 5.9848e-02, PNorm = 47.3374, GNorm = 1.8904, lr_0 = 2.0080e-04
Loss = 8.4388e-02, PNorm = 47.3468, GNorm = 1.7954, lr_0 = 2.0001e-04
Loss = 7.4793e-02, PNorm = 47.3571, GNorm = 1.7453, lr_0 = 1.9923e-04
Loss = 6.6645e-02, PNorm = 47.3708, GNorm = 1.6712, lr_0 = 1.9845e-04
Loss = 8.3949e-02, PNorm = 47.3800, GNorm = 0.7861, lr_0 = 1.9767e-04
Loss = 8.6833e-02, PNorm = 47.3908, GNorm = 1.5432, lr_0 = 1.9689e-04
Loss = 5.7821e-02, PNorm = 47.4016, GNorm = 1.5301, lr_0 = 1.9612e-04
Loss = 6.8423e-02, PNorm = 47.4126, GNorm = 1.1234, lr_0 = 1.9535e-04
Loss = 5.3026e-02, PNorm = 47.4215, GNorm = 0.8201, lr_0 = 1.9458e-04
Loss = 6.4362e-02, PNorm = 47.4349, GNorm = 1.0438, lr_0 = 1.9382e-04
Loss = 8.7308e-02, PNorm = 47.4434, GNorm = 1.1972, lr_0 = 1.9306e-04
Validation mcc = 0.706581
Epoch 36
Loss = 6.7579e-02, PNorm = 47.4522, GNorm = 1.1268, lr_0 = 1.9230e-04
Loss = 5.9774e-02, PNorm = 47.4640, GNorm = 1.4051, lr_0 = 1.9155e-04
Loss = 5.0343e-02, PNorm = 47.4749, GNorm = 1.1889, lr_0 = 1.9079e-04
Loss = 6.9603e-02, PNorm = 47.4843, GNorm = 0.8444, lr_0 = 1.9005e-04
Loss = 8.9498e-02, PNorm = 47.4922, GNorm = 1.1391, lr_0 = 1.8930e-04
Loss = 7.6506e-02, PNorm = 47.5025, GNorm = 2.0603, lr_0 = 1.8856e-04
Loss = 6.4619e-02, PNorm = 47.5095, GNorm = 1.5474, lr_0 = 1.8782e-04
Loss = 7.5475e-02, PNorm = 47.5187, GNorm = 1.7703, lr_0 = 1.8708e-04
Loss = 6.2486e-02, PNorm = 47.5292, GNorm = 1.1773, lr_0 = 1.8635e-04
Loss = 6.0488e-02, PNorm = 47.5384, GNorm = 0.6593, lr_0 = 1.8562e-04
Loss = 7.6059e-02, PNorm = 47.5488, GNorm = 1.5224, lr_0 = 1.8489e-04
Loss = 7.7077e-02, PNorm = 47.5596, GNorm = 2.6337, lr_0 = 1.8416e-04
Validation mcc = 0.689565
Epoch 37
Loss = 5.3913e-02, PNorm = 47.5734, GNorm = 1.3979, lr_0 = 1.8337e-04
Loss = 4.7885e-02, PNorm = 47.5846, GNorm = 1.2183, lr_0 = 1.8265e-04
Loss = 6.0253e-02, PNorm = 47.5941, GNorm = 1.3705, lr_0 = 1.8193e-04
Loss = 6.8062e-02, PNorm = 47.6039, GNorm = 0.5598, lr_0 = 1.8122e-04
Loss = 5.4281e-02, PNorm = 47.6122, GNorm = 0.9163, lr_0 = 1.8050e-04
Loss = 6.1214e-02, PNorm = 47.6218, GNorm = 0.7296, lr_0 = 1.7980e-04
Loss = 7.9437e-02, PNorm = 47.6310, GNorm = 1.4471, lr_0 = 1.7909e-04
Loss = 6.6203e-02, PNorm = 47.6399, GNorm = 1.1691, lr_0 = 1.7839e-04
Loss = 5.4764e-02, PNorm = 47.6505, GNorm = 1.5298, lr_0 = 1.7769e-04
Loss = 6.1779e-02, PNorm = 47.6597, GNorm = 1.0715, lr_0 = 1.7699e-04
Loss = 7.2393e-02, PNorm = 47.6674, GNorm = 1.8484, lr_0 = 1.7630e-04
Loss = 6.2037e-02, PNorm = 47.6761, GNorm = 1.5548, lr_0 = 1.7560e-04
Validation mcc = 0.704265
Epoch 38
Loss = 5.5415e-02, PNorm = 47.6846, GNorm = 1.6827, lr_0 = 1.7492e-04
Loss = 5.7878e-02, PNorm = 47.6949, GNorm = 0.6829, lr_0 = 1.7423e-04
Loss = 4.5468e-02, PNorm = 47.7034, GNorm = 0.6752, lr_0 = 1.7355e-04
Loss = 6.5554e-02, PNorm = 47.7142, GNorm = 0.9437, lr_0 = 1.7286e-04
Loss = 4.8661e-02, PNorm = 47.7252, GNorm = 0.5197, lr_0 = 1.7219e-04
Loss = 6.9900e-02, PNorm = 47.7343, GNorm = 1.7317, lr_0 = 1.7151e-04
Loss = 5.9798e-02, PNorm = 47.7450, GNorm = 1.2682, lr_0 = 1.7084e-04
Loss = 4.7276e-02, PNorm = 47.7541, GNorm = 1.0616, lr_0 = 1.7017e-04
Loss = 8.3779e-02, PNorm = 47.7633, GNorm = 0.6335, lr_0 = 1.6950e-04
Loss = 8.4977e-02, PNorm = 47.7716, GNorm = 3.3382, lr_0 = 1.6883e-04
Loss = 7.6253e-02, PNorm = 47.7796, GNorm = 2.0870, lr_0 = 1.6817e-04
Loss = 7.0352e-02, PNorm = 47.7829, GNorm = 2.3486, lr_0 = 1.6751e-04
Validation mcc = 0.710062
Epoch 39
Loss = 1.3095e-02, PNorm = 47.7953, GNorm = 0.3588, lr_0 = 1.6679e-04
Loss = 5.4989e-02, PNorm = 47.7999, GNorm = 0.3511, lr_0 = 1.6613e-04
Loss = 5.0779e-02, PNorm = 47.8081, GNorm = 0.7312, lr_0 = 1.6548e-04
Loss = 5.6182e-02, PNorm = 47.8172, GNorm = 1.3325, lr_0 = 1.6483e-04
Loss = 6.0268e-02, PNorm = 47.8263, GNorm = 1.6199, lr_0 = 1.6419e-04
Loss = 7.2815e-02, PNorm = 47.8344, GNorm = 1.8344, lr_0 = 1.6354e-04
Loss = 4.4435e-02, PNorm = 47.8438, GNorm = 0.4477, lr_0 = 1.6290e-04
Loss = 6.4804e-02, PNorm = 47.8516, GNorm = 1.7961, lr_0 = 1.6226e-04
Loss = 5.6009e-02, PNorm = 47.8572, GNorm = 1.4112, lr_0 = 1.6162e-04
Loss = 5.4764e-02, PNorm = 47.8658, GNorm = 0.7972, lr_0 = 1.6099e-04
Loss = 6.4156e-02, PNorm = 47.8739, GNorm = 1.3475, lr_0 = 1.6036e-04
Loss = 7.9032e-02, PNorm = 47.8844, GNorm = 1.4549, lr_0 = 1.5973e-04
Loss = 7.4226e-02, PNorm = 47.8938, GNorm = 2.3603, lr_0 = 1.5910e-04
Validation mcc = 0.719856
Epoch 40
Loss = 7.6538e-02, PNorm = 47.9043, GNorm = 1.9332, lr_0 = 1.5848e-04
Loss = 5.3821e-02, PNorm = 47.9116, GNorm = 2.0994, lr_0 = 1.5785e-04
Loss = 5.9093e-02, PNorm = 47.9219, GNorm = 1.1890, lr_0 = 1.5724e-04
Loss = 5.6563e-02, PNorm = 47.9309, GNorm = 1.5862, lr_0 = 1.5662e-04
Loss = 5.2215e-02, PNorm = 47.9402, GNorm = 0.9022, lr_0 = 1.5600e-04
Loss = 4.9678e-02, PNorm = 47.9478, GNorm = 0.4044, lr_0 = 1.5539e-04
Loss = 5.6915e-02, PNorm = 47.9544, GNorm = 1.6544, lr_0 = 1.5478e-04
Loss = 6.5146e-02, PNorm = 47.9632, GNorm = 1.4186, lr_0 = 1.5417e-04
Loss = 5.1085e-02, PNorm = 47.9718, GNorm = 0.4385, lr_0 = 1.5357e-04
Loss = 5.1624e-02, PNorm = 47.9798, GNorm = 1.0589, lr_0 = 1.5297e-04
Loss = 7.1977e-02, PNorm = 47.9857, GNorm = 0.6623, lr_0 = 1.5237e-04
Loss = 5.5079e-02, PNorm = 47.9934, GNorm = 1.1155, lr_0 = 1.5177e-04
Validation mcc = 0.703901
Epoch 41
Loss = 5.8376e-02, PNorm = 48.0028, GNorm = 2.2279, lr_0 = 1.5111e-04
Loss = 5.1486e-02, PNorm = 48.0103, GNorm = 1.3033, lr_0 = 1.5052e-04
Loss = 5.0385e-02, PNorm = 48.0181, GNorm = 1.0822, lr_0 = 1.4993e-04
Loss = 4.1466e-02, PNorm = 48.0258, GNorm = 1.6038, lr_0 = 1.4934e-04
Loss = 4.0643e-02, PNorm = 48.0339, GNorm = 0.2096, lr_0 = 1.4876e-04
Loss = 3.5776e-02, PNorm = 48.0410, GNorm = 1.1808, lr_0 = 1.4817e-04
Loss = 5.5385e-02, PNorm = 48.0488, GNorm = 1.3754, lr_0 = 1.4759e-04
Loss = 4.1158e-02, PNorm = 48.0565, GNorm = 0.2694, lr_0 = 1.4701e-04
Loss = 5.8567e-02, PNorm = 48.0626, GNorm = 1.0707, lr_0 = 1.4643e-04
Loss = 5.3471e-02, PNorm = 48.0679, GNorm = 1.6643, lr_0 = 1.4586e-04
Loss = 5.4601e-02, PNorm = 48.0755, GNorm = 1.5511, lr_0 = 1.4529e-04
Loss = 6.5636e-02, PNorm = 48.0832, GNorm = 0.6141, lr_0 = 1.4472e-04
Validation mcc = 0.692731
Epoch 42
Loss = 4.6525e-02, PNorm = 48.0913, GNorm = 0.7761, lr_0 = 1.4415e-04
Loss = 4.2378e-02, PNorm = 48.0980, GNorm = 1.5332, lr_0 = 1.4358e-04
Loss = 4.8034e-02, PNorm = 48.1051, GNorm = 0.7862, lr_0 = 1.4302e-04
Loss = 5.4806e-02, PNorm = 48.1138, GNorm = 1.4817, lr_0 = 1.4246e-04
Loss = 4.2737e-02, PNorm = 48.1216, GNorm = 0.7538, lr_0 = 1.4190e-04
Loss = 4.9798e-02, PNorm = 48.1296, GNorm = 2.7870, lr_0 = 1.4134e-04
Loss = 4.7129e-02, PNorm = 48.1361, GNorm = 0.5763, lr_0 = 1.4079e-04
Loss = 4.5626e-02, PNorm = 48.1434, GNorm = 0.5089, lr_0 = 1.4024e-04
Loss = 4.7071e-02, PNorm = 48.1497, GNorm = 1.0104, lr_0 = 1.3969e-04
Loss = 5.7824e-02, PNorm = 48.1571, GNorm = 0.2646, lr_0 = 1.3914e-04
Loss = 6.6716e-02, PNorm = 48.1640, GNorm = 2.1085, lr_0 = 1.3859e-04
Loss = 4.9874e-02, PNorm = 48.1684, GNorm = 1.2516, lr_0 = 1.3805e-04
Loss = 5.2672e-02, PNorm = 48.1763, GNorm = 1.5710, lr_0 = 1.3751e-04
Validation mcc = 0.713723
Epoch 43
Loss = 2.4689e-02, PNorm = 48.1829, GNorm = 0.2888, lr_0 = 1.3697e-04
Loss = 3.2379e-02, PNorm = 48.1903, GNorm = 0.7951, lr_0 = 1.3643e-04
Loss = 4.7722e-02, PNorm = 48.1976, GNorm = 1.0036, lr_0 = 1.3589e-04
Loss = 3.9499e-02, PNorm = 48.2041, GNorm = 0.7680, lr_0 = 1.3536e-04
Loss = 6.3910e-02, PNorm = 48.2120, GNorm = 1.0341, lr_0 = 1.3483e-04
Loss = 5.9448e-02, PNorm = 48.2187, GNorm = 2.1999, lr_0 = 1.3430e-04
Loss = 4.9881e-02, PNorm = 48.2243, GNorm = 0.6350, lr_0 = 1.3377e-04
Loss = 3.9992e-02, PNorm = 48.2309, GNorm = 0.6928, lr_0 = 1.3325e-04
Loss = 5.0518e-02, PNorm = 48.2375, GNorm = 2.2752, lr_0 = 1.3272e-04
Loss = 5.4680e-02, PNorm = 48.2420, GNorm = 1.3427, lr_0 = 1.3220e-04
Loss = 5.5442e-02, PNorm = 48.2485, GNorm = 0.8188, lr_0 = 1.3168e-04
Loss = 5.4097e-02, PNorm = 48.2568, GNorm = 1.9112, lr_0 = 1.3117e-04
Validation mcc = 0.722463
Epoch 44
Loss = 5.6873e-02, PNorm = 48.2633, GNorm = 0.3560, lr_0 = 1.3060e-04
Loss = 3.4743e-02, PNorm = 48.2684, GNorm = 0.8410, lr_0 = 1.3009e-04
Loss = 3.6189e-02, PNorm = 48.2732, GNorm = 1.5589, lr_0 = 1.2958e-04
Loss = 5.2018e-02, PNorm = 48.2783, GNorm = 2.8333, lr_0 = 1.2907e-04
Loss = 4.4066e-02, PNorm = 48.2829, GNorm = 1.4908, lr_0 = 1.2856e-04
Loss = 4.5650e-02, PNorm = 48.2908, GNorm = 1.7926, lr_0 = 1.2806e-04
Loss = 4.4116e-02, PNorm = 48.2976, GNorm = 1.2191, lr_0 = 1.2756e-04
Loss = 5.1605e-02, PNorm = 48.3046, GNorm = 1.9881, lr_0 = 1.2706e-04
Loss = 4.6846e-02, PNorm = 48.3130, GNorm = 1.4584, lr_0 = 1.2656e-04
Loss = 4.8777e-02, PNorm = 48.3195, GNorm = 1.2063, lr_0 = 1.2606e-04
Loss = 4.1514e-02, PNorm = 48.3261, GNorm = 1.4301, lr_0 = 1.2557e-04
Loss = 5.9992e-02, PNorm = 48.3334, GNorm = 1.4220, lr_0 = 1.2507e-04
Validation mcc = 0.693662
Epoch 45
Loss = 4.3741e-02, PNorm = 48.3401, GNorm = 0.3473, lr_0 = 1.2458e-04
Loss = 4.3025e-02, PNorm = 48.3461, GNorm = 0.8459, lr_0 = 1.2409e-04
Loss = 4.8930e-02, PNorm = 48.3523, GNorm = 1.1940, lr_0 = 1.2361e-04
Loss = 3.1235e-02, PNorm = 48.3582, GNorm = 0.6718, lr_0 = 1.2312e-04
Loss = 3.0395e-02, PNorm = 48.3631, GNorm = 0.6231, lr_0 = 1.2264e-04
Loss = 4.6268e-02, PNorm = 48.3700, GNorm = 2.5004, lr_0 = 1.2216e-04
Loss = 6.4939e-02, PNorm = 48.3764, GNorm = 0.6738, lr_0 = 1.2168e-04
Loss = 5.1473e-02, PNorm = 48.3830, GNorm = 2.4706, lr_0 = 1.2120e-04
Loss = 6.4800e-02, PNorm = 48.3866, GNorm = 3.1983, lr_0 = 1.2072e-04
Loss = 5.1245e-02, PNorm = 48.3943, GNorm = 2.9951, lr_0 = 1.2025e-04
Loss = 4.1462e-02, PNorm = 48.3980, GNorm = 1.3681, lr_0 = 1.1978e-04
Loss = 4.0678e-02, PNorm = 48.4056, GNorm = 0.7621, lr_0 = 1.1931e-04
Validation mcc = 0.714410
Epoch 46
Loss = 4.8120e-02, PNorm = 48.4126, GNorm = 1.4714, lr_0 = 1.1879e-04
Loss = 6.0174e-02, PNorm = 48.4191, GNorm = 1.0694, lr_0 = 1.1833e-04
Loss = 3.9496e-02, PNorm = 48.4248, GNorm = 1.2448, lr_0 = 1.1786e-04
Loss = 3.3194e-02, PNorm = 48.4308, GNorm = 0.4055, lr_0 = 1.1740e-04
Loss = 4.6887e-02, PNorm = 48.4370, GNorm = 0.8734, lr_0 = 1.1694e-04
Loss = 4.1158e-02, PNorm = 48.4429, GNorm = 0.9574, lr_0 = 1.1648e-04
Loss = 3.3328e-02, PNorm = 48.4478, GNorm = 1.1227, lr_0 = 1.1602e-04
Loss = 4.6586e-02, PNorm = 48.4535, GNorm = 1.2773, lr_0 = 1.1557e-04
Loss = 3.3288e-02, PNorm = 48.4603, GNorm = 0.9532, lr_0 = 1.1512e-04
Loss = 3.3462e-02, PNorm = 48.4662, GNorm = 1.5977, lr_0 = 1.1466e-04
Loss = 3.6663e-02, PNorm = 48.4717, GNorm = 0.5346, lr_0 = 1.1421e-04
Loss = 4.8522e-02, PNorm = 48.4773, GNorm = 1.4888, lr_0 = 1.1377e-04
Loss = 3.7927e-02, PNorm = 48.4825, GNorm = 0.4515, lr_0 = 1.1332e-04
Validation mcc = 0.718673
Epoch 47
Loss = 3.4674e-02, PNorm = 48.4881, GNorm = 1.6993, lr_0 = 1.1287e-04
Loss = 4.9384e-02, PNorm = 48.4925, GNorm = 0.9797, lr_0 = 1.1243e-04
Loss = 2.5449e-02, PNorm = 48.4967, GNorm = 0.5126, lr_0 = 1.1199e-04
Loss = 3.5947e-02, PNorm = 48.5033, GNorm = 1.4828, lr_0 = 1.1155e-04
Loss = 3.9748e-02, PNorm = 48.5095, GNorm = 1.5146, lr_0 = 1.1111e-04
Loss = 3.4664e-02, PNorm = 48.5133, GNorm = 1.3404, lr_0 = 1.1068e-04
Loss = 4.2615e-02, PNorm = 48.5184, GNorm = 0.6715, lr_0 = 1.1024e-04
Loss = 4.4601e-02, PNorm = 48.5256, GNorm = 0.9932, lr_0 = 1.0981e-04
Loss = 4.8020e-02, PNorm = 48.5317, GNorm = 1.3557, lr_0 = 1.0938e-04
Loss = 2.9802e-02, PNorm = 48.5387, GNorm = 0.5709, lr_0 = 1.0895e-04
Loss = 4.5073e-02, PNorm = 48.5440, GNorm = 1.2233, lr_0 = 1.0852e-04
Loss = 5.4903e-02, PNorm = 48.5494, GNorm = 1.3477, lr_0 = 1.0810e-04
Validation mcc = 0.695704
Epoch 48
Loss = 3.6407e-02, PNorm = 48.5550, GNorm = 1.1123, lr_0 = 1.0763e-04
Loss = 3.6726e-02, PNorm = 48.5611, GNorm = 1.1311, lr_0 = 1.0721e-04
Loss = 2.5927e-02, PNorm = 48.5667, GNorm = 0.5262, lr_0 = 1.0679e-04
Loss = 4.1118e-02, PNorm = 48.5708, GNorm = 1.5941, lr_0 = 1.0637e-04
Loss = 4.3070e-02, PNorm = 48.5761, GNorm = 1.0579, lr_0 = 1.0595e-04
Loss = 2.9963e-02, PNorm = 48.5821, GNorm = 0.4897, lr_0 = 1.0553e-04
Loss = 3.5754e-02, PNorm = 48.5885, GNorm = 0.6158, lr_0 = 1.0512e-04
Loss = 4.8899e-02, PNorm = 48.5924, GNorm = 2.0152, lr_0 = 1.0471e-04
Loss = 3.5003e-02, PNorm = 48.5968, GNorm = 1.8535, lr_0 = 1.0430e-04
Loss = 4.2000e-02, PNorm = 48.6012, GNorm = 0.7897, lr_0 = 1.0389e-04
Loss = 5.5106e-02, PNorm = 48.6067, GNorm = 1.2269, lr_0 = 1.0348e-04
Loss = 3.4077e-02, PNorm = 48.6107, GNorm = 1.0975, lr_0 = 1.0307e-04
Validation mcc = 0.721007
Epoch 49
Loss = 3.5760e-02, PNorm = 48.6164, GNorm = 1.4854, lr_0 = 1.0267e-04
Loss = 3.0668e-02, PNorm = 48.6212, GNorm = 0.8470, lr_0 = 1.0227e-04
Loss = 3.8766e-02, PNorm = 48.6272, GNorm = 2.1985, lr_0 = 1.0187e-04
Loss = 4.4664e-02, PNorm = 48.6318, GNorm = 0.8902, lr_0 = 1.0147e-04
Loss = 2.3950e-02, PNorm = 48.6365, GNorm = 0.8153, lr_0 = 1.0107e-04
Loss = 5.3510e-02, PNorm = 48.6410, GNorm = 0.4227, lr_0 = 1.0067e-04
Loss = 3.4658e-02, PNorm = 48.6457, GNorm = 1.4367, lr_0 = 1.0028e-04
Loss = 4.3377e-02, PNorm = 48.6515, GNorm = 1.5778, lr_0 = 1.0000e-04
Loss = 3.1471e-02, PNorm = 48.6569, GNorm = 1.1634, lr_0 = 1.0000e-04
Loss = 2.6628e-02, PNorm = 48.6610, GNorm = 0.4232, lr_0 = 1.0000e-04
Loss = 3.3606e-02, PNorm = 48.6648, GNorm = 0.4513, lr_0 = 1.0000e-04
Loss = 2.9324e-02, PNorm = 48.6692, GNorm = 0.5675, lr_0 = 1.0000e-04
Validation mcc = 0.698573
Model 0 best validation mcc = 0.722463 on epoch 43
Loading pretrained parameter "encoder.encoder.0.cached_zero_vector".
Loading pretrained parameter "encoder.encoder.0.W_i.weight".
Loading pretrained parameter "encoder.encoder.0.W_h.weight".
Loading pretrained parameter "encoder.encoder.0.W_o.weight".
Loading pretrained parameter "encoder.encoder.0.W_o.bias".
Loading pretrained parameter "ffn.1.weight".
Loading pretrained parameter "ffn.1.bias".
Loading pretrained parameter "ffn.4.weight".
Loading pretrained parameter "ffn.4.bias".
Model 0 test mcc = 0.739664
Ensemble test mcc = 0.739664
Fold 3
Splitting data with seed 3
Class sizes
0 0: 36.36%, 1: 63.64%
Total size = 7,660 | train size = 6,128 | val size = 766 | test size = 766
Building model 0
MoleculeModel(
  (sigmoid): Sigmoid()
  (encoder): MPN(
    (encoder): ModuleList(
      (0): MPNEncoder(
        (dropout_layer): Dropout(p=0.0, inplace=False)
        (act_func): ReLU()
        (W_i): Linear(in_features=147, out_features=300, bias=False)
        (W_h): Linear(in_features=300, out_features=300, bias=False)
        (W_o): Linear(in_features=433, out_features=300, bias=True)
      )
    )
  )
  (ffn): Sequential(
    (0): Dropout(p=0.0, inplace=False)
    (1): Linear(in_features=300, out_features=300, bias=True)
    (2): ReLU()
    (3): Dropout(p=0.0, inplace=False)
    (4): Linear(in_features=300, out_features=1, bias=True)
  )
)
Number of parameters = 355,201
Epoch 0
Loss = 6.5841e-01, PNorm = 34.0115, GNorm = 1.2315, lr_0 = 1.4057e-04
Loss = 6.3789e-01, PNorm = 34.0143, GNorm = 0.9854, lr_0 = 1.7746e-04
Loss = 6.2215e-01, PNorm = 34.0220, GNorm = 0.3616, lr_0 = 2.1434e-04
Loss = 5.7838e-01, PNorm = 34.0353, GNorm = 1.6932, lr_0 = 2.5123e-04
Loss = 5.5141e-01, PNorm = 34.0517, GNorm = 1.3970, lr_0 = 2.8811e-04
Loss = 5.2257e-01, PNorm = 34.0704, GNorm = 2.4843, lr_0 = 3.2500e-04
Loss = 5.1252e-01, PNorm = 34.0890, GNorm = 3.5223, lr_0 = 3.6189e-04
Loss = 5.0222e-01, PNorm = 34.1103, GNorm = 0.7125, lr_0 = 3.9877e-04
Loss = 5.2304e-01, PNorm = 34.1317, GNorm = 1.2764, lr_0 = 4.3566e-04
Loss = 4.9846e-01, PNorm = 34.1583, GNorm = 2.8262, lr_0 = 4.7254e-04
Loss = 4.4433e-01, PNorm = 34.1906, GNorm = 1.7003, lr_0 = 5.0943e-04
Loss = 4.9154e-01, PNorm = 34.2167, GNorm = 0.4110, lr_0 = 5.4631e-04
Validation mcc = 0.530974
Epoch 1
Loss = 4.4598e-01, PNorm = 34.2584, GNorm = 1.2015, lr_0 = 5.8689e-04
Loss = 4.3062e-01, PNorm = 34.3020, GNorm = 2.8271, lr_0 = 6.2377e-04
Loss = 4.1290e-01, PNorm = 34.3430, GNorm = 1.3796, lr_0 = 6.6066e-04
Loss = 4.5937e-01, PNorm = 34.3871, GNorm = 3.4641, lr_0 = 6.9754e-04
Loss = 4.4457e-01, PNorm = 34.4296, GNorm = 2.7510, lr_0 = 7.3443e-04
Loss = 4.0634e-01, PNorm = 34.4856, GNorm = 2.4856, lr_0 = 7.7131e-04
Loss = 5.1472e-01, PNorm = 34.5191, GNorm = 1.3068, lr_0 = 8.0820e-04
Loss = 4.4593e-01, PNorm = 34.5748, GNorm = 0.5434, lr_0 = 8.4508e-04
Loss = 4.2407e-01, PNorm = 34.6367, GNorm = 2.3673, lr_0 = 8.8197e-04
Loss = 4.3963e-01, PNorm = 34.6974, GNorm = 1.7212, lr_0 = 9.1885e-04
Loss = 4.2942e-01, PNorm = 34.7685, GNorm = 2.2108, lr_0 = 9.5574e-04
Loss = 3.9070e-01, PNorm = 34.8463, GNorm = 1.3304, lr_0 = 9.9262e-04
Validation mcc = 0.589707
Epoch 2
Loss = 4.8470e-01, PNorm = 34.9095, GNorm = 2.4889, lr_0 = 9.9686e-04
Loss = 4.0289e-01, PNorm = 34.9860, GNorm = 1.2719, lr_0 = 9.9295e-04
Loss = 4.2303e-01, PNorm = 35.0506, GNorm = 0.8397, lr_0 = 9.8905e-04
Loss = 4.4616e-01, PNorm = 35.1146, GNorm = 1.3588, lr_0 = 9.8517e-04
Loss = 4.2927e-01, PNorm = 35.1705, GNorm = 0.7713, lr_0 = 9.8130e-04
Loss = 3.8438e-01, PNorm = 35.2401, GNorm = 0.7058, lr_0 = 9.7745e-04
Loss = 3.7835e-01, PNorm = 35.3038, GNorm = 1.2216, lr_0 = 9.7362e-04
Loss = 3.7134e-01, PNorm = 35.3573, GNorm = 0.9668, lr_0 = 9.6980e-04
Loss = 3.7616e-01, PNorm = 35.4307, GNorm = 1.9355, lr_0 = 9.6599e-04
Loss = 3.6978e-01, PNorm = 35.5087, GNorm = 1.1587, lr_0 = 9.6220e-04
Loss = 3.6814e-01, PNorm = 35.5779, GNorm = 1.1038, lr_0 = 9.5842e-04
Loss = 4.5070e-01, PNorm = 35.6361, GNorm = 1.2792, lr_0 = 9.5466e-04
Validation mcc = 0.608204
Epoch 3
Loss = 3.7647e-01, PNorm = 35.7197, GNorm = 1.7952, lr_0 = 9.5054e-04
Loss = 3.7536e-01, PNorm = 35.8005, GNorm = 3.4104, lr_0 = 9.4681e-04
Loss = 3.5592e-01, PNorm = 35.8674, GNorm = 0.9009, lr_0 = 9.4310e-04
Loss = 3.4670e-01, PNorm = 35.9297, GNorm = 0.7464, lr_0 = 9.3940e-04
Loss = 3.6562e-01, PNorm = 35.9794, GNorm = 1.3529, lr_0 = 9.3571e-04
Loss = 3.6666e-01, PNorm = 36.0430, GNorm = 1.1144, lr_0 = 9.3204e-04
Loss = 3.6584e-01, PNorm = 36.1060, GNorm = 0.8637, lr_0 = 9.2838e-04
Loss = 3.5277e-01, PNorm = 36.1639, GNorm = 0.6900, lr_0 = 9.2474e-04
Loss = 3.7637e-01, PNorm = 36.2203, GNorm = 1.3295, lr_0 = 9.2111e-04
Loss = 3.4931e-01, PNorm = 36.2782, GNorm = 1.1300, lr_0 = 9.1749e-04
Loss = 4.0741e-01, PNorm = 36.3536, GNorm = 2.0208, lr_0 = 9.1389e-04
Loss = 3.9057e-01, PNorm = 36.4184, GNorm = 3.0579, lr_0 = 9.1031e-04
Loss = 4.1287e-01, PNorm = 36.4849, GNorm = 1.8756, lr_0 = 9.0673e-04
Validation mcc = 0.576723
Epoch 4
Loss = 3.4814e-01, PNorm = 36.5644, GNorm = 0.8109, lr_0 = 9.0317e-04
Loss = 3.4346e-01, PNorm = 36.6303, GNorm = 0.4928, lr_0 = 8.9963e-04
Loss = 3.1322e-01, PNorm = 36.7030, GNorm = 1.4430, lr_0 = 8.9610e-04
Loss = 3.5432e-01, PNorm = 36.7696, GNorm = 1.3682, lr_0 = 8.9258e-04
Loss = 3.3740e-01, PNorm = 36.8137, GNorm = 1.4731, lr_0 = 8.8908e-04
Loss = 3.5674e-01, PNorm = 36.8742, GNorm = 0.9218, lr_0 = 8.8559e-04
Loss = 3.4220e-01, PNorm = 36.9407, GNorm = 0.4477, lr_0 = 8.8212e-04
Loss = 3.8196e-01, PNorm = 37.0061, GNorm = 0.9857, lr_0 = 8.7865e-04
Loss = 3.2772e-01, PNorm = 37.0617, GNorm = 0.7580, lr_0 = 8.7521e-04
Loss = 3.4991e-01, PNorm = 37.1004, GNorm = 1.2228, lr_0 = 8.7177e-04
Loss = 3.3237e-01, PNorm = 37.1397, GNorm = 0.9980, lr_0 = 8.6835e-04
Loss = 3.1182e-01, PNorm = 37.2050, GNorm = 1.0749, lr_0 = 8.6494e-04
Validation mcc = 0.613639
Epoch 5
Loss = 3.0085e-01, PNorm = 37.2683, GNorm = 0.9570, lr_0 = 8.6121e-04
Loss = 3.4710e-01, PNorm = 37.3081, GNorm = 2.4759, lr_0 = 8.5783e-04
Loss = 3.0968e-01, PNorm = 37.3599, GNorm = 1.2771, lr_0 = 8.5446e-04
Loss = 3.1537e-01, PNorm = 37.4193, GNorm = 0.5525, lr_0 = 8.5111e-04
Loss = 3.4377e-01, PNorm = 37.4750, GNorm = 0.9158, lr_0 = 8.4777e-04
Loss = 3.1364e-01, PNorm = 37.5202, GNorm = 1.2507, lr_0 = 8.4444e-04
Loss = 2.7323e-01, PNorm = 37.5987, GNorm = 1.2371, lr_0 = 8.4113e-04
Loss = 3.6945e-01, PNorm = 37.6601, GNorm = 1.3890, lr_0 = 8.3783e-04
Loss = 3.1667e-01, PNorm = 37.7049, GNorm = 1.1820, lr_0 = 8.3454e-04
Loss = 3.2904e-01, PNorm = 37.7517, GNorm = 0.6535, lr_0 = 8.3127e-04
Loss = 3.0203e-01, PNorm = 37.7989, GNorm = 1.7613, lr_0 = 8.2800e-04
Loss = 3.4038e-01, PNorm = 37.8259, GNorm = 0.7367, lr_0 = 8.2476e-04
Validation mcc = 0.639612
Epoch 6
Loss = 3.6685e-01, PNorm = 37.8811, GNorm = 0.8554, lr_0 = 8.2152e-04
Loss = 2.9953e-01, PNorm = 37.9346, GNorm = 0.8690, lr_0 = 8.1829e-04
Loss = 3.1677e-01, PNorm = 37.9753, GNorm = 1.2356, lr_0 = 8.1508e-04
Loss = 3.2946e-01, PNorm = 38.0233, GNorm = 0.7232, lr_0 = 8.1189e-04
Loss = 2.9722e-01, PNorm = 38.0773, GNorm = 1.3979, lr_0 = 8.0870e-04
Loss = 3.0148e-01, PNorm = 38.1429, GNorm = 1.3607, lr_0 = 8.0553e-04
Loss = 2.8225e-01, PNorm = 38.2095, GNorm = 1.2547, lr_0 = 8.0236e-04
Loss = 3.3528e-01, PNorm = 38.2734, GNorm = 0.9518, lr_0 = 7.9922e-04
Loss = 3.2080e-01, PNorm = 38.3306, GNorm = 0.9877, lr_0 = 7.9608e-04
Loss = 2.6116e-01, PNorm = 38.3838, GNorm = 0.9509, lr_0 = 7.9296e-04
Loss = 3.0508e-01, PNorm = 38.4321, GNorm = 0.8158, lr_0 = 7.8984e-04
Loss = 3.1535e-01, PNorm = 38.4718, GNorm = 1.1619, lr_0 = 7.8674e-04
Validation mcc = 0.648571
Epoch 7
Loss = 3.5452e-01, PNorm = 38.5296, GNorm = 2.0752, lr_0 = 7.8335e-04
Loss = 2.9862e-01, PNorm = 38.5868, GNorm = 1.4775, lr_0 = 7.8027e-04
Loss = 3.1973e-01, PNorm = 38.6352, GNorm = 2.0139, lr_0 = 7.7721e-04
Loss = 3.0327e-01, PNorm = 38.6760, GNorm = 1.1991, lr_0 = 7.7416e-04
Loss = 2.7694e-01, PNorm = 38.7163, GNorm = 1.5801, lr_0 = 7.7112e-04
Loss = 2.8351e-01, PNorm = 38.7592, GNorm = 0.6378, lr_0 = 7.6810e-04
Loss = 3.1973e-01, PNorm = 38.8123, GNorm = 0.9625, lr_0 = 7.6508e-04
Loss = 3.0481e-01, PNorm = 38.8541, GNorm = 0.8518, lr_0 = 7.6208e-04
Loss = 2.5051e-01, PNorm = 38.9053, GNorm = 0.5973, lr_0 = 7.5909e-04
Loss = 2.9152e-01, PNorm = 38.9576, GNorm = 0.6987, lr_0 = 7.5611e-04
Loss = 2.8460e-01, PNorm = 39.0057, GNorm = 1.5496, lr_0 = 7.5314e-04
Loss = 2.8423e-01, PNorm = 39.0539, GNorm = 0.5936, lr_0 = 7.5019e-04
Loss = 2.9706e-01, PNorm = 39.0862, GNorm = 1.1095, lr_0 = 7.4725e-04
Validation mcc = 0.643088
Epoch 8
Loss = 3.0132e-01, PNorm = 39.1265, GNorm = 0.7385, lr_0 = 7.4431e-04
Loss = 2.5580e-01, PNorm = 39.1792, GNorm = 0.6944, lr_0 = 7.4139e-04
Loss = 2.6515e-01, PNorm = 39.2187, GNorm = 0.6758, lr_0 = 7.3848e-04
Loss = 2.8103e-01, PNorm = 39.2603, GNorm = 0.6007, lr_0 = 7.3558e-04
Loss = 2.6955e-01, PNorm = 39.3022, GNorm = 0.7807, lr_0 = 7.3270e-04
Loss = 2.5309e-01, PNorm = 39.3511, GNorm = 0.8362, lr_0 = 7.2982e-04
Loss = 2.4296e-01, PNorm = 39.3870, GNorm = 1.3572, lr_0 = 7.2696e-04
Loss = 2.9262e-01, PNorm = 39.4171, GNorm = 0.6646, lr_0 = 7.2411e-04
Loss = 2.9786e-01, PNorm = 39.4447, GNorm = 0.9176, lr_0 = 7.2126e-04
Loss = 2.6019e-01, PNorm = 39.4924, GNorm = 0.6165, lr_0 = 7.1843e-04
Loss = 2.6411e-01, PNorm = 39.5521, GNorm = 0.7158, lr_0 = 7.1561e-04
Loss = 2.5849e-01, PNorm = 39.5926, GNorm = 1.4109, lr_0 = 7.1281e-04
Validation mcc = 0.658050
Epoch 9
Loss = 2.6433e-01, PNorm = 39.6297, GNorm = 0.8650, lr_0 = 7.1001e-04
Loss = 2.4933e-01, PNorm = 39.6819, GNorm = 0.9508, lr_0 = 7.0722e-04
Loss = 2.4923e-01, PNorm = 39.7330, GNorm = 0.9401, lr_0 = 7.0445e-04
Loss = 2.9643e-01, PNorm = 39.7730, GNorm = 0.8889, lr_0 = 7.0168e-04
Loss = 2.7574e-01, PNorm = 39.8105, GNorm = 0.5908, lr_0 = 6.9893e-04
Loss = 3.3828e-01, PNorm = 39.8451, GNorm = 1.4793, lr_0 = 6.9619e-04
Loss = 2.7636e-01, PNorm = 39.8990, GNorm = 1.4296, lr_0 = 6.9345e-04
Loss = 2.2424e-01, PNorm = 39.9543, GNorm = 2.0531, lr_0 = 6.9073e-04
Loss = 2.8997e-01, PNorm = 39.9823, GNorm = 0.9523, lr_0 = 6.8802e-04
Loss = 2.4861e-01, PNorm = 40.0158, GNorm = 2.2265, lr_0 = 6.8532e-04
Loss = 2.4928e-01, PNorm = 40.0424, GNorm = 0.6928, lr_0 = 6.8263e-04
Loss = 2.2358e-01, PNorm = 40.0810, GNorm = 0.6447, lr_0 = 6.7995e-04
Validation mcc = 0.695559
Epoch 10
Loss = 2.7898e-01, PNorm = 40.1231, GNorm = 0.5988, lr_0 = 6.7702e-04
Loss = 2.9790e-01, PNorm = 40.1552, GNorm = 1.3149, lr_0 = 6.7436e-04
Loss = 2.6857e-01, PNorm = 40.1914, GNorm = 0.5966, lr_0 = 6.7172e-04
Loss = 2.7269e-01, PNorm = 40.2405, GNorm = 0.5461, lr_0 = 6.6908e-04
Loss = 2.3084e-01, PNorm = 40.2797, GNorm = 1.3710, lr_0 = 6.6645e-04
Loss = 2.4355e-01, PNorm = 40.3204, GNorm = 1.0679, lr_0 = 6.6384e-04
Loss = 3.2569e-01, PNorm = 40.3453, GNorm = 1.3627, lr_0 = 6.6123e-04
Loss = 2.3949e-01, PNorm = 40.3880, GNorm = 0.5394, lr_0 = 6.5864e-04
Loss = 2.2374e-01, PNorm = 40.4444, GNorm = 0.7361, lr_0 = 6.5605e-04
Loss = 2.6039e-01, PNorm = 40.4920, GNorm = 0.7867, lr_0 = 6.5348e-04
Loss = 2.6469e-01, PNorm = 40.5191, GNorm = 0.5521, lr_0 = 6.5092e-04
Loss = 2.5088e-01, PNorm = 40.5480, GNorm = 0.6876, lr_0 = 6.4836e-04
Validation mcc = 0.696451
Epoch 11
Loss = 2.7490e-01, PNorm = 40.5945, GNorm = 0.6985, lr_0 = 6.4582e-04
Loss = 2.3428e-01, PNorm = 40.6359, GNorm = 1.5142, lr_0 = 6.4328e-04
Loss = 2.2562e-01, PNorm = 40.6809, GNorm = 1.4036, lr_0 = 6.4076e-04
Loss = 2.5373e-01, PNorm = 40.7165, GNorm = 0.6431, lr_0 = 6.3824e-04
Loss = 2.6109e-01, PNorm = 40.7453, GNorm = 1.1674, lr_0 = 6.3574e-04
Loss = 2.3998e-01, PNorm = 40.7812, GNorm = 0.8708, lr_0 = 6.3324e-04
Loss = 2.1686e-01, PNorm = 40.8240, GNorm = 1.2022, lr_0 = 6.3076e-04
Loss = 2.7176e-01, PNorm = 40.8682, GNorm = 1.3693, lr_0 = 6.2828e-04
Loss = 2.2973e-01, PNorm = 40.8903, GNorm = 0.9695, lr_0 = 6.2582e-04
Loss = 2.3865e-01, PNorm = 40.9251, GNorm = 0.8184, lr_0 = 6.2336e-04
Loss = 2.6604e-01, PNorm = 40.9674, GNorm = 1.6436, lr_0 = 6.2092e-04
Loss = 2.3818e-01, PNorm = 41.0089, GNorm = 0.7511, lr_0 = 6.1848e-04
Loss = 2.4725e-01, PNorm = 41.0493, GNorm = 0.9249, lr_0 = 6.1605e-04
Loss = 1.4679e-01, PNorm = 41.0536, GNorm = 0.8441, lr_0 = 6.1581e-04
Validation mcc = 0.697914
Epoch 12
Loss = 2.0261e-01, PNorm = 41.0874, GNorm = 0.6618, lr_0 = 6.1339e-04
Loss = 2.1773e-01, PNorm = 41.1192, GNorm = 1.1807, lr_0 = 6.1099e-04
Loss = 2.3375e-01, PNorm = 41.1517, GNorm = 1.7230, lr_0 = 6.0859e-04
Loss = 2.5273e-01, PNorm = 41.1760, GNorm = 1.2117, lr_0 = 6.0620e-04
Loss = 2.4622e-01, PNorm = 41.2096, GNorm = 1.0866, lr_0 = 6.0382e-04
Loss = 2.5488e-01, PNorm = 41.2564, GNorm = 1.1968, lr_0 = 6.0145e-04
Loss = 2.4934e-01, PNorm = 41.2906, GNorm = 2.1774, lr_0 = 5.9909e-04
Loss = 2.2583e-01, PNorm = 41.3238, GNorm = 1.1762, lr_0 = 5.9674e-04
Loss = 2.1026e-01, PNorm = 41.3621, GNorm = 1.1909, lr_0 = 5.9440e-04
Loss = 2.0194e-01, PNorm = 41.3952, GNorm = 1.2211, lr_0 = 5.9207e-04
Loss = 2.1852e-01, PNorm = 41.4312, GNorm = 1.3492, lr_0 = 5.8974e-04
Loss = 2.4655e-01, PNorm = 41.4690, GNorm = 1.4227, lr_0 = 5.8743e-04
Validation mcc = 0.675710
Epoch 13
Loss = 2.3834e-01, PNorm = 41.5019, GNorm = 0.5607, lr_0 = 5.8512e-04
Loss = 2.3961e-01, PNorm = 41.5421, GNorm = 1.8741, lr_0 = 5.8283e-04
Loss = 2.4756e-01, PNorm = 41.5856, GNorm = 0.6134, lr_0 = 5.8054e-04
Loss = 2.5370e-01, PNorm = 41.6224, GNorm = 0.7763, lr_0 = 5.7826e-04
Loss = 2.1284e-01, PNorm = 41.6654, GNorm = 0.8212, lr_0 = 5.7599e-04
Loss = 1.9752e-01, PNorm = 41.7035, GNorm = 1.0051, lr_0 = 5.7373e-04
Loss = 1.8757e-01, PNorm = 41.7359, GNorm = 1.7052, lr_0 = 5.7148e-04
Loss = 2.0772e-01, PNorm = 41.7679, GNorm = 0.8623, lr_0 = 5.6924e-04
Loss = 1.8323e-01, PNorm = 41.7989, GNorm = 0.9841, lr_0 = 5.6700e-04
Loss = 2.0947e-01, PNorm = 41.8365, GNorm = 0.7579, lr_0 = 5.6478e-04
Loss = 2.0755e-01, PNorm = 41.8648, GNorm = 1.1451, lr_0 = 5.6256e-04
Loss = 2.3750e-01, PNorm = 41.8902, GNorm = 1.4026, lr_0 = 5.6035e-04
Validation mcc = 0.690278
Epoch 14
Loss = 1.8772e-01, PNorm = 41.9115, GNorm = 0.6800, lr_0 = 5.5794e-04
Loss = 1.8944e-01, PNorm = 41.9466, GNorm = 0.4811, lr_0 = 5.5575e-04
Loss = 2.3927e-01, PNorm = 41.9852, GNorm = 1.3995, lr_0 = 5.5357e-04
Loss = 2.5965e-01, PNorm = 42.0271, GNorm = 1.8901, lr_0 = 5.5139e-04
Loss = 2.2139e-01, PNorm = 42.0573, GNorm = 1.8513, lr_0 = 5.4923e-04
Loss = 2.1754e-01, PNorm = 42.0899, GNorm = 0.7426, lr_0 = 5.4707e-04
Loss = 1.9588e-01, PNorm = 42.1223, GNorm = 1.1186, lr_0 = 5.4493e-04
Loss = 2.1137e-01, PNorm = 42.1625, GNorm = 0.6107, lr_0 = 5.4279e-04
Loss = 2.4159e-01, PNorm = 42.1968, GNorm = 1.1556, lr_0 = 5.4066e-04
Loss = 1.9339e-01, PNorm = 42.2376, GNorm = 0.8950, lr_0 = 5.3854e-04
Loss = 2.4822e-01, PNorm = 42.2758, GNorm = 2.3490, lr_0 = 5.3642e-04
Loss = 2.1946e-01, PNorm = 42.2999, GNorm = 1.1499, lr_0 = 5.3432e-04
Validation mcc = 0.700404
Epoch 15
Loss = 2.0443e-01, PNorm = 42.3320, GNorm = 1.5720, lr_0 = 5.3222e-04
Loss = 2.3221e-01, PNorm = 42.3687, GNorm = 0.7817, lr_0 = 5.3013e-04
Loss = 1.7033e-01, PNorm = 42.4141, GNorm = 0.7377, lr_0 = 5.2805e-04
Loss = 2.2999e-01, PNorm = 42.4499, GNorm = 0.5857, lr_0 = 5.2598e-04
Loss = 1.9244e-01, PNorm = 42.4810, GNorm = 0.8688, lr_0 = 5.2392e-04
Loss = 2.0855e-01, PNorm = 42.5074, GNorm = 1.1153, lr_0 = 5.2186e-04
Loss = 1.9592e-01, PNorm = 42.5386, GNorm = 2.1852, lr_0 = 5.1981e-04
Loss = 1.8685e-01, PNorm = 42.5754, GNorm = 1.4131, lr_0 = 5.1777e-04
Loss = 1.9611e-01, PNorm = 42.6103, GNorm = 1.7946, lr_0 = 5.1574e-04
Loss = 1.8849e-01, PNorm = 42.6313, GNorm = 1.1997, lr_0 = 5.1372e-04
Loss = 2.1952e-01, PNorm = 42.6537, GNorm = 0.9053, lr_0 = 5.1170e-04
Loss = 2.4342e-01, PNorm = 42.6828, GNorm = 0.8215, lr_0 = 5.0969e-04
Loss = 2.0141e-01, PNorm = 42.7146, GNorm = 1.6475, lr_0 = 5.0769e-04
Loss = 2.9509e-01, PNorm = 42.7182, GNorm = 1.4831, lr_0 = 5.0749e-04
Validation mcc = 0.679096
Epoch 16
Loss = 1.8497e-01, PNorm = 42.7572, GNorm = 0.7021, lr_0 = 5.0550e-04
Loss = 1.8188e-01, PNorm = 42.8009, GNorm = 0.8690, lr_0 = 5.0352e-04
Loss = 1.4853e-01, PNorm = 42.8322, GNorm = 1.2254, lr_0 = 5.0154e-04
Loss = 1.7972e-01, PNorm = 42.8675, GNorm = 1.1160, lr_0 = 4.9957e-04
Loss = 1.8347e-01, PNorm = 42.8862, GNorm = 1.1584, lr_0 = 4.9761e-04
Loss = 2.1199e-01, PNorm = 42.9105, GNorm = 1.2698, lr_0 = 4.9566e-04
Loss = 1.9183e-01, PNorm = 42.9478, GNorm = 0.9955, lr_0 = 4.9372e-04
Loss = 1.8205e-01, PNorm = 42.9773, GNorm = 0.9526, lr_0 = 4.9178e-04
Loss = 2.9189e-01, PNorm = 43.0055, GNorm = 1.0546, lr_0 = 4.8985e-04
Loss = 1.9349e-01, PNorm = 43.0310, GNorm = 0.8102, lr_0 = 4.8793e-04
Loss = 1.8882e-01, PNorm = 43.0652, GNorm = 1.0332, lr_0 = 4.8601e-04
Loss = 2.0607e-01, PNorm = 43.1065, GNorm = 0.6718, lr_0 = 4.8410e-04
Validation mcc = 0.703443
Epoch 17
Loss = 1.6765e-01, PNorm = 43.1392, GNorm = 0.7935, lr_0 = 4.8220e-04
Loss = 1.8872e-01, PNorm = 43.1743, GNorm = 0.7747, lr_0 = 4.8031e-04
Loss = 1.5563e-01, PNorm = 43.2055, GNorm = 0.8305, lr_0 = 4.7843e-04
Loss = 1.9147e-01, PNorm = 43.2329, GNorm = 1.3414, lr_0 = 4.7655e-04
Loss = 2.1543e-01, PNorm = 43.2607, GNorm = 0.8548, lr_0 = 4.7468e-04
Loss = 1.8580e-01, PNorm = 43.2886, GNorm = 0.9753, lr_0 = 4.7282e-04
Loss = 1.8599e-01, PNorm = 43.3130, GNorm = 1.2024, lr_0 = 4.7096e-04
Loss = 1.8704e-01, PNorm = 43.3428, GNorm = 1.8255, lr_0 = 4.6911e-04
Loss = 1.9583e-01, PNorm = 43.3713, GNorm = 1.3394, lr_0 = 4.6727e-04
Loss = 1.5545e-01, PNorm = 43.4038, GNorm = 0.5750, lr_0 = 4.6544e-04
Loss = 1.7772e-01, PNorm = 43.4361, GNorm = 2.0579, lr_0 = 4.6361e-04
Loss = 1.7729e-01, PNorm = 43.4603, GNorm = 0.5923, lr_0 = 4.6179e-04
Validation mcc = 0.705958
Epoch 18
Loss = 1.6092e-01, PNorm = 43.4822, GNorm = 1.3629, lr_0 = 4.5998e-04
Loss = 1.5068e-01, PNorm = 43.5159, GNorm = 1.5841, lr_0 = 4.5818e-04
Loss = 1.7848e-01, PNorm = 43.5490, GNorm = 0.6462, lr_0 = 4.5638e-04
Loss = 1.7030e-01, PNorm = 43.5774, GNorm = 0.7382, lr_0 = 4.5459e-04
Loss = 1.3837e-01, PNorm = 43.6097, GNorm = 0.8661, lr_0 = 4.5280e-04
Loss = 1.9950e-01, PNorm = 43.6330, GNorm = 1.1258, lr_0 = 4.5103e-04
Loss = 2.0325e-01, PNorm = 43.6539, GNorm = 0.8718, lr_0 = 4.4926e-04
Loss = 1.8385e-01, PNorm = 43.6833, GNorm = 2.5353, lr_0 = 4.4749e-04
Loss = 1.6809e-01, PNorm = 43.7023, GNorm = 1.0655, lr_0 = 4.4574e-04
Loss = 1.9857e-01, PNorm = 43.7271, GNorm = 0.7119, lr_0 = 4.4399e-04
Loss = 1.8594e-01, PNorm = 43.7494, GNorm = 0.8647, lr_0 = 4.4224e-04
Loss = 1.7976e-01, PNorm = 43.7733, GNorm = 0.7342, lr_0 = 4.4051e-04
Validation mcc = 0.703209
Epoch 19
Loss = 2.6895e-01, PNorm = 43.8059, GNorm = 2.8571, lr_0 = 4.3861e-04
Loss = 1.8722e-01, PNorm = 43.8339, GNorm = 0.6529, lr_0 = 4.3689e-04
Loss = 1.6195e-01, PNorm = 43.8732, GNorm = 0.4594, lr_0 = 4.3517e-04
Loss = 1.6987e-01, PNorm = 43.9084, GNorm = 1.0925, lr_0 = 4.3346e-04
Loss = 1.6120e-01, PNorm = 43.9435, GNorm = 2.1705, lr_0 = 4.3176e-04
Loss = 1.6722e-01, PNorm = 43.9721, GNorm = 0.9363, lr_0 = 4.3007e-04
Loss = 1.7192e-01, PNorm = 43.9996, GNorm = 1.2036, lr_0 = 4.2838e-04
Loss = 1.4199e-01, PNorm = 44.0239, GNorm = 1.4007, lr_0 = 4.2670e-04
Loss = 1.1536e-01, PNorm = 44.0506, GNorm = 0.5697, lr_0 = 4.2503e-04
Loss = 1.7161e-01, PNorm = 44.0732, GNorm = 0.9157, lr_0 = 4.2336e-04
Loss = 1.5668e-01, PNorm = 44.0948, GNorm = 1.0066, lr_0 = 4.2170e-04
Loss = 1.9602e-01, PNorm = 44.1115, GNorm = 1.1036, lr_0 = 4.2004e-04
Loss = 2.1091e-01, PNorm = 44.1272, GNorm = 1.1003, lr_0 = 4.1839e-04
Validation mcc = 0.719237
Epoch 20
Loss = 1.4081e-01, PNorm = 44.1504, GNorm = 0.6956, lr_0 = 4.1675e-04
Loss = 1.7217e-01, PNorm = 44.1805, GNorm = 0.9090, lr_0 = 4.1512e-04
Loss = 1.3289e-01, PNorm = 44.2112, GNorm = 0.5514, lr_0 = 4.1349e-04
Loss = 1.7734e-01, PNorm = 44.2388, GNorm = 1.4880, lr_0 = 4.1186e-04
Loss = 1.7703e-01, PNorm = 44.2636, GNorm = 0.7619, lr_0 = 4.1025e-04
Loss = 1.3277e-01, PNorm = 44.2922, GNorm = 0.7816, lr_0 = 4.0864e-04
Loss = 1.2736e-01, PNorm = 44.3154, GNorm = 1.1078, lr_0 = 4.0703e-04
Loss = 1.6113e-01, PNorm = 44.3360, GNorm = 0.7744, lr_0 = 4.0544e-04
Loss = 1.5274e-01, PNorm = 44.3518, GNorm = 0.8388, lr_0 = 4.0385e-04
Loss = 1.8614e-01, PNorm = 44.3697, GNorm = 1.8709, lr_0 = 4.0226e-04
Loss = 1.8371e-01, PNorm = 44.3952, GNorm = 0.9650, lr_0 = 4.0068e-04
Loss = 1.4619e-01, PNorm = 44.4214, GNorm = 0.9829, lr_0 = 3.9911e-04
Validation mcc = 0.717289
Epoch 21
Loss = 1.1281e-01, PNorm = 44.4517, GNorm = 0.6451, lr_0 = 3.9739e-04
Loss = 1.3645e-01, PNorm = 44.4795, GNorm = 1.1174, lr_0 = 3.9583e-04
Loss = 1.5375e-01, PNorm = 44.5067, GNorm = 1.6865, lr_0 = 3.9427e-04
Loss = 1.8346e-01, PNorm = 44.5284, GNorm = 1.3325, lr_0 = 3.9273e-04
Loss = 1.5623e-01, PNorm = 44.5548, GNorm = 1.1668, lr_0 = 3.9119e-04
Loss = 1.5523e-01, PNorm = 44.5755, GNorm = 1.0500, lr_0 = 3.8965e-04
Loss = 1.6092e-01, PNorm = 44.5970, GNorm = 2.5532, lr_0 = 3.8812e-04
Loss = 1.6742e-01, PNorm = 44.6200, GNorm = 1.0537, lr_0 = 3.8660e-04
Loss = 1.4374e-01, PNorm = 44.6446, GNorm = 1.3087, lr_0 = 3.8508e-04
Loss = 1.4323e-01, PNorm = 44.6673, GNorm = 1.0927, lr_0 = 3.8357e-04
Loss = 1.8207e-01, PNorm = 44.6903, GNorm = 1.8318, lr_0 = 3.8207e-04
Loss = 1.6712e-01, PNorm = 44.7026, GNorm = 1.7384, lr_0 = 3.8057e-04
Validation mcc = 0.712670
Epoch 22
Loss = 9.0755e-02, PNorm = 44.7248, GNorm = 0.6483, lr_0 = 3.7907e-04
Loss = 1.2449e-01, PNorm = 44.7445, GNorm = 0.6405, lr_0 = 3.7759e-04
Loss = 1.4095e-01, PNorm = 44.7703, GNorm = 2.0917, lr_0 = 3.7610e-04
Loss = 1.4035e-01, PNorm = 44.7969, GNorm = 0.7357, lr_0 = 3.7463e-04
Loss = 1.1923e-01, PNorm = 44.8221, GNorm = 1.3645, lr_0 = 3.7316e-04
Loss = 1.2768e-01, PNorm = 44.8455, GNorm = 1.5351, lr_0 = 3.7169e-04
Loss = 1.4484e-01, PNorm = 44.8657, GNorm = 0.5773, lr_0 = 3.7023e-04
Loss = 1.5453e-01, PNorm = 44.8863, GNorm = 0.9812, lr_0 = 3.6878e-04
Loss = 1.4735e-01, PNorm = 44.9108, GNorm = 0.7468, lr_0 = 3.6733e-04
Loss = 1.5208e-01, PNorm = 44.9311, GNorm = 1.3663, lr_0 = 3.6589e-04
Loss = 1.4398e-01, PNorm = 44.9485, GNorm = 0.6157, lr_0 = 3.6446e-04
Loss = 1.6552e-01, PNorm = 44.9665, GNorm = 0.8148, lr_0 = 3.6303e-04
Validation mcc = 0.715700
Epoch 23
Loss = 9.2736e-02, PNorm = 44.9899, GNorm = 0.7427, lr_0 = 3.6146e-04
Loss = 1.4622e-01, PNorm = 45.0086, GNorm = 0.9680, lr_0 = 3.6004e-04
Loss = 1.4823e-01, PNorm = 45.0334, GNorm = 1.2326, lr_0 = 3.5863e-04
Loss = 1.4500e-01, PNorm = 45.0556, GNorm = 1.0030, lr_0 = 3.5722e-04
Loss = 1.1844e-01, PNorm = 45.0763, GNorm = 0.9646, lr_0 = 3.5582e-04
Loss = 1.7686e-01, PNorm = 45.0957, GNorm = 1.3101, lr_0 = 3.5442e-04
Loss = 1.0979e-01, PNorm = 45.1151, GNorm = 0.4600, lr_0 = 3.5303e-04
Loss = 1.4086e-01, PNorm = 45.1374, GNorm = 1.1994, lr_0 = 3.5165e-04
Loss = 1.1811e-01, PNorm = 45.1574, GNorm = 0.7781, lr_0 = 3.5027e-04
Loss = 1.3581e-01, PNorm = 45.1823, GNorm = 2.3592, lr_0 = 3.4889e-04
Loss = 1.4098e-01, PNorm = 45.2005, GNorm = 1.4875, lr_0 = 3.4752e-04
Loss = 1.4355e-01, PNorm = 45.2125, GNorm = 1.2984, lr_0 = 3.4616e-04
Loss = 1.4698e-01, PNorm = 45.2346, GNorm = 1.4821, lr_0 = 3.4480e-04
Validation mcc = 0.708420
Epoch 24
Loss = 1.0727e-01, PNorm = 45.2599, GNorm = 0.4081, lr_0 = 3.4345e-04
Loss = 1.5153e-01, PNorm = 45.2762, GNorm = 1.2101, lr_0 = 3.4210e-04
Loss = 1.1850e-01, PNorm = 45.3003, GNorm = 0.9500, lr_0 = 3.4076e-04
Loss = 1.3000e-01, PNorm = 45.3218, GNorm = 1.1716, lr_0 = 3.3942e-04
Loss = 1.0108e-01, PNorm = 45.3416, GNorm = 1.6833, lr_0 = 3.3809e-04
Loss = 1.0727e-01, PNorm = 45.3667, GNorm = 1.3212, lr_0 = 3.3676e-04
Loss = 1.5558e-01, PNorm = 45.3898, GNorm = 1.5092, lr_0 = 3.3544e-04
Loss = 1.3153e-01, PNorm = 45.4119, GNorm = 1.7803, lr_0 = 3.3412e-04
Loss = 1.2044e-01, PNorm = 45.4340, GNorm = 0.7457, lr_0 = 3.3281e-04
Loss = 1.5139e-01, PNorm = 45.4582, GNorm = 1.1716, lr_0 = 3.3151e-04
Loss = 1.4417e-01, PNorm = 45.4783, GNorm = 1.2468, lr_0 = 3.3021e-04
Loss = 1.5241e-01, PNorm = 45.4940, GNorm = 1.2347, lr_0 = 3.2891e-04
Validation mcc = 0.714942
Epoch 25
Loss = 1.1651e-01, PNorm = 45.5085, GNorm = 0.6842, lr_0 = 3.2762e-04
Loss = 1.5297e-01, PNorm = 45.5268, GNorm = 1.6260, lr_0 = 3.2633e-04
Loss = 1.1348e-01, PNorm = 45.5464, GNorm = 0.8220, lr_0 = 3.2505e-04
Loss = 1.2317e-01, PNorm = 45.5637, GNorm = 1.4468, lr_0 = 3.2378e-04
Loss = 1.5689e-01, PNorm = 45.5843, GNorm = 1.5200, lr_0 = 3.2251e-04
Loss = 1.4410e-01, PNorm = 45.6036, GNorm = 2.0256, lr_0 = 3.2124e-04
Loss = 1.2575e-01, PNorm = 45.6211, GNorm = 1.0026, lr_0 = 3.1998e-04
Loss = 9.9862e-02, PNorm = 45.6419, GNorm = 1.3069, lr_0 = 3.1872e-04
Loss = 1.1027e-01, PNorm = 45.6617, GNorm = 0.8259, lr_0 = 3.1747e-04
Loss = 1.0323e-01, PNorm = 45.6801, GNorm = 0.9918, lr_0 = 3.1623e-04
Loss = 1.2177e-01, PNorm = 45.7024, GNorm = 0.8231, lr_0 = 3.1499e-04
Loss = 1.2883e-01, PNorm = 45.7221, GNorm = 1.7258, lr_0 = 3.1375e-04
Validation mcc = 0.718880
Epoch 26
Loss = 1.0908e-01, PNorm = 45.7380, GNorm = 1.1238, lr_0 = 3.1240e-04
Loss = 8.5523e-02, PNorm = 45.7591, GNorm = 1.7421, lr_0 = 3.1117e-04
Loss = 1.7858e-01, PNorm = 45.7737, GNorm = 0.8445, lr_0 = 3.0995e-04
Loss = 1.5421e-01, PNorm = 45.7897, GNorm = 1.2852, lr_0 = 3.0873e-04
Loss = 1.2685e-01, PNorm = 45.8096, GNorm = 1.2579, lr_0 = 3.0752e-04
Loss = 9.8903e-02, PNorm = 45.8289, GNorm = 0.9767, lr_0 = 3.0631e-04
Loss = 1.4360e-01, PNorm = 45.8457, GNorm = 1.7986, lr_0 = 3.0511e-04
Loss = 1.3558e-01, PNorm = 45.8556, GNorm = 1.1159, lr_0 = 3.0392e-04
Loss = 1.0250e-01, PNorm = 45.8720, GNorm = 1.3287, lr_0 = 3.0272e-04
Loss = 1.0646e-01, PNorm = 45.8943, GNorm = 1.5080, lr_0 = 3.0153e-04
Loss = 1.3936e-01, PNorm = 45.9110, GNorm = 1.3976, lr_0 = 3.0035e-04
Loss = 9.1915e-02, PNorm = 45.9262, GNorm = 1.0557, lr_0 = 2.9917e-04
Validation mcc = 0.723074
Epoch 27
Loss = 8.9488e-02, PNorm = 45.9421, GNorm = 1.1116, lr_0 = 2.9800e-04
Loss = 9.8045e-02, PNorm = 45.9611, GNorm = 1.6496, lr_0 = 2.9683e-04
Loss = 1.0176e-01, PNorm = 45.9805, GNorm = 1.0097, lr_0 = 2.9566e-04
Loss = 8.2824e-02, PNorm = 46.0003, GNorm = 0.7647, lr_0 = 2.9450e-04
Loss = 1.3552e-01, PNorm = 46.0162, GNorm = 1.2237, lr_0 = 2.9335e-04
Loss = 1.3443e-01, PNorm = 46.0342, GNorm = 1.1386, lr_0 = 2.9220e-04
Loss = 1.2070e-01, PNorm = 46.0514, GNorm = 0.8194, lr_0 = 2.9105e-04
Loss = 1.3057e-01, PNorm = 46.0711, GNorm = 1.0539, lr_0 = 2.8991e-04
Loss = 8.6261e-02, PNorm = 46.0865, GNorm = 0.2975, lr_0 = 2.8877e-04
Loss = 1.3526e-01, PNorm = 46.0996, GNorm = 1.6344, lr_0 = 2.8764e-04
Loss = 1.2813e-01, PNorm = 46.1115, GNorm = 1.3063, lr_0 = 2.8651e-04
Loss = 1.1352e-01, PNorm = 46.1236, GNorm = 1.1363, lr_0 = 2.8538e-04
Loss = 8.4680e-02, PNorm = 46.1401, GNorm = 0.8175, lr_0 = 2.8426e-04
Validation mcc = 0.705729
Epoch 28
Loss = 1.0129e-01, PNorm = 46.1554, GNorm = 0.9932, lr_0 = 2.8304e-04
Loss = 9.7173e-02, PNorm = 46.1732, GNorm = 1.1100, lr_0 = 2.8193e-04
Loss = 1.2299e-01, PNorm = 46.1883, GNorm = 0.5843, lr_0 = 2.8082e-04
Loss = 1.1619e-01, PNorm = 46.2049, GNorm = 0.7601, lr_0 = 2.7972e-04
Loss = 8.3626e-02, PNorm = 46.2224, GNorm = 1.3093, lr_0 = 2.7862e-04
Loss = 1.6396e-01, PNorm = 46.2381, GNorm = 2.1430, lr_0 = 2.7753e-04
Loss = 1.0260e-01, PNorm = 46.2541, GNorm = 1.3698, lr_0 = 2.7644e-04
Loss = 1.1246e-01, PNorm = 46.2720, GNorm = 1.0183, lr_0 = 2.7535e-04
Loss = 1.0476e-01, PNorm = 46.2909, GNorm = 1.6995, lr_0 = 2.7427e-04
Loss = 1.0449e-01, PNorm = 46.3057, GNorm = 1.8726, lr_0 = 2.7320e-04
Loss = 1.1007e-01, PNorm = 46.3226, GNorm = 1.3360, lr_0 = 2.7212e-04
Loss = 1.0672e-01, PNorm = 46.3361, GNorm = 1.1828, lr_0 = 2.7106e-04
Validation mcc = 0.728081
Epoch 29
Loss = 8.2605e-02, PNorm = 46.3484, GNorm = 0.9184, lr_0 = 2.6999e-04
Loss = 8.3993e-02, PNorm = 46.3619, GNorm = 0.5104, lr_0 = 2.6893e-04
Loss = 6.8966e-02, PNorm = 46.3791, GNorm = 0.5798, lr_0 = 2.6788e-04
Loss = 9.1023e-02, PNorm = 46.3934, GNorm = 1.1883, lr_0 = 2.6683e-04
Loss = 1.1382e-01, PNorm = 46.4084, GNorm = 0.7761, lr_0 = 2.6578e-04
Loss = 1.0892e-01, PNorm = 46.4227, GNorm = 1.4886, lr_0 = 2.6474e-04
Loss = 1.0823e-01, PNorm = 46.4425, GNorm = 1.0856, lr_0 = 2.6370e-04
Loss = 1.2459e-01, PNorm = 46.4578, GNorm = 2.0965, lr_0 = 2.6266e-04
Loss = 8.4149e-02, PNorm = 46.4705, GNorm = 1.1548, lr_0 = 2.6163e-04
Loss = 1.0333e-01, PNorm = 46.4833, GNorm = 1.0853, lr_0 = 2.6061e-04
Loss = 1.0182e-01, PNorm = 46.4972, GNorm = 1.4679, lr_0 = 2.5958e-04
Loss = 1.0892e-01, PNorm = 46.5095, GNorm = 0.9145, lr_0 = 2.5856e-04
Validation mcc = 0.718818
Epoch 30
Loss = 1.0328e-01, PNorm = 46.5191, GNorm = 2.0750, lr_0 = 2.5745e-04
Loss = 1.0377e-01, PNorm = 46.5342, GNorm = 1.3338, lr_0 = 2.5644e-04
Loss = 8.0753e-02, PNorm = 46.5528, GNorm = 1.3136, lr_0 = 2.5543e-04
Loss = 1.2165e-01, PNorm = 46.5667, GNorm = 0.6616, lr_0 = 2.5443e-04
Loss = 7.4470e-02, PNorm = 46.5781, GNorm = 0.5052, lr_0 = 2.5343e-04
Loss = 1.0792e-01, PNorm = 46.5919, GNorm = 1.2775, lr_0 = 2.5244e-04
Loss = 1.1836e-01, PNorm = 46.6064, GNorm = 1.4918, lr_0 = 2.5145e-04
Loss = 9.2653e-02, PNorm = 46.6209, GNorm = 1.0245, lr_0 = 2.5046e-04
Loss = 9.8285e-02, PNorm = 46.6352, GNorm = 2.0086, lr_0 = 2.4948e-04
Loss = 9.0933e-02, PNorm = 46.6474, GNorm = 1.6179, lr_0 = 2.4850e-04
Loss = 1.3027e-01, PNorm = 46.6569, GNorm = 2.1562, lr_0 = 2.4752e-04
Loss = 8.3406e-02, PNorm = 46.6735, GNorm = 1.1491, lr_0 = 2.4655e-04
Validation mcc = 0.716732
Epoch 31
Loss = 4.7580e-02, PNorm = 46.6873, GNorm = 0.6023, lr_0 = 2.4558e-04
Loss = 7.7017e-02, PNorm = 46.7022, GNorm = 0.3987, lr_0 = 2.4462e-04
Loss = 1.0069e-01, PNorm = 46.7160, GNorm = 1.4179, lr_0 = 2.4366e-04
Loss = 1.0381e-01, PNorm = 46.7325, GNorm = 1.5134, lr_0 = 2.4270e-04
Loss = 9.6485e-02, PNorm = 46.7442, GNorm = 0.9341, lr_0 = 2.4175e-04
Loss = 9.7919e-02, PNorm = 46.7564, GNorm = 2.1429, lr_0 = 2.4080e-04
Loss = 8.8492e-02, PNorm = 46.7708, GNorm = 1.5501, lr_0 = 2.3986e-04
Loss = 9.9009e-02, PNorm = 46.7833, GNorm = 1.1245, lr_0 = 2.3892e-04
Loss = 9.2893e-02, PNorm = 46.7953, GNorm = 1.1346, lr_0 = 2.3798e-04
Loss = 8.6093e-02, PNorm = 46.8084, GNorm = 1.6863, lr_0 = 2.3704e-04
Loss = 1.0330e-01, PNorm = 46.8231, GNorm = 1.7141, lr_0 = 2.3611e-04
Loss = 1.1118e-01, PNorm = 46.8355, GNorm = 1.2837, lr_0 = 2.3519e-04
Loss = 1.0546e-01, PNorm = 46.8448, GNorm = 1.9268, lr_0 = 2.3426e-04
Validation mcc = 0.731616
Epoch 32
Loss = 7.4803e-02, PNorm = 46.8593, GNorm = 0.8478, lr_0 = 2.3325e-04
Loss = 7.9542e-02, PNorm = 46.8715, GNorm = 0.7988, lr_0 = 2.3234e-04
Loss = 1.1018e-01, PNorm = 46.8841, GNorm = 2.7176, lr_0 = 2.3143e-04
Loss = 8.2451e-02, PNorm = 46.8993, GNorm = 0.6892, lr_0 = 2.3052e-04
Loss = 6.3150e-02, PNorm = 46.9132, GNorm = 1.6167, lr_0 = 2.2961e-04
Loss = 8.6245e-02, PNorm = 46.9287, GNorm = 1.1368, lr_0 = 2.2871e-04
Loss = 8.1632e-02, PNorm = 46.9412, GNorm = 0.7420, lr_0 = 2.2781e-04
Loss = 9.3945e-02, PNorm = 46.9555, GNorm = 1.8084, lr_0 = 2.2692e-04
Loss = 1.1749e-01, PNorm = 46.9651, GNorm = 1.1277, lr_0 = 2.2603e-04
Loss = 8.8951e-02, PNorm = 46.9757, GNorm = 1.5442, lr_0 = 2.2514e-04
Loss = 1.2412e-01, PNorm = 46.9851, GNorm = 1.1096, lr_0 = 2.2426e-04
Loss = 8.6486e-02, PNorm = 46.9954, GNorm = 1.0616, lr_0 = 2.2338e-04
Validation mcc = 0.711904
Epoch 33
Loss = 1.0177e-01, PNorm = 47.0053, GNorm = 0.8634, lr_0 = 2.2250e-04
Loss = 7.3682e-02, PNorm = 47.0159, GNorm = 0.6531, lr_0 = 2.2163e-04
Loss = 8.9114e-02, PNorm = 47.0290, GNorm = 0.9386, lr_0 = 2.2076e-04
Loss = 6.8197e-02, PNorm = 47.0394, GNorm = 0.9111, lr_0 = 2.1989e-04
Loss = 8.5409e-02, PNorm = 47.0492, GNorm = 1.0087, lr_0 = 2.1903e-04
Loss = 8.0171e-02, PNorm = 47.0613, GNorm = 1.3926, lr_0 = 2.1817e-04
Loss = 9.4381e-02, PNorm = 47.0727, GNorm = 2.0596, lr_0 = 2.1732e-04
Loss = 7.0247e-02, PNorm = 47.0815, GNorm = 1.2015, lr_0 = 2.1646e-04
Loss = 8.5279e-02, PNorm = 47.0934, GNorm = 1.0725, lr_0 = 2.1561e-04
Loss = 9.7717e-02, PNorm = 47.1046, GNorm = 1.7734, lr_0 = 2.1477e-04
Loss = 7.3831e-02, PNorm = 47.1170, GNorm = 0.9920, lr_0 = 2.1392e-04
Loss = 8.8933e-02, PNorm = 47.1292, GNorm = 0.8231, lr_0 = 2.1308e-04
Validation mcc = 0.704707
Epoch 34
Loss = 6.6331e-02, PNorm = 47.1406, GNorm = 2.9096, lr_0 = 2.1225e-04
Loss = 6.9206e-02, PNorm = 47.1500, GNorm = 0.5354, lr_0 = 2.1142e-04
Loss = 8.6274e-02, PNorm = 47.1627, GNorm = 0.5385, lr_0 = 2.1059e-04
Loss = 6.4045e-02, PNorm = 47.1744, GNorm = 0.8833, lr_0 = 2.0976e-04
Loss = 6.9760e-02, PNorm = 47.1845, GNorm = 2.3063, lr_0 = 2.0894e-04
Loss = 6.7261e-02, PNorm = 47.1936, GNorm = 1.8975, lr_0 = 2.0812e-04
Loss = 7.7778e-02, PNorm = 47.2061, GNorm = 1.3482, lr_0 = 2.0730e-04
Loss = 1.1533e-01, PNorm = 47.2197, GNorm = 1.3594, lr_0 = 2.0649e-04
Loss = 6.3743e-02, PNorm = 47.2296, GNorm = 0.4806, lr_0 = 2.0568e-04
Loss = 1.0096e-01, PNorm = 47.2400, GNorm = 0.7150, lr_0 = 2.0487e-04
Loss = 9.3285e-02, PNorm = 47.2514, GNorm = 0.6271, lr_0 = 2.0406e-04
Loss = 6.5191e-02, PNorm = 47.2616, GNorm = 1.1884, lr_0 = 2.0326e-04
Validation mcc = 0.718409
Epoch 35
Loss = 1.0032e-01, PNorm = 47.2719, GNorm = 1.1914, lr_0 = 2.0239e-04
Loss = 7.1788e-02, PNorm = 47.2816, GNorm = 0.9771, lr_0 = 2.0159e-04
Loss = 7.8691e-02, PNorm = 47.2935, GNorm = 0.9580, lr_0 = 2.0080e-04
Loss = 7.3357e-02, PNorm = 47.3059, GNorm = 0.9255, lr_0 = 2.0001e-04
Loss = 7.4847e-02, PNorm = 47.3179, GNorm = 2.4178, lr_0 = 1.9923e-04
Loss = 7.4111e-02, PNorm = 47.3316, GNorm = 1.4026, lr_0 = 1.9845e-04
Loss = 7.1215e-02, PNorm = 47.3392, GNorm = 2.2116, lr_0 = 1.9767e-04
Loss = 8.8940e-02, PNorm = 47.3511, GNorm = 0.6861, lr_0 = 1.9689e-04
Loss = 8.6308e-02, PNorm = 47.3625, GNorm = 1.2390, lr_0 = 1.9612e-04
Loss = 9.3967e-02, PNorm = 47.3706, GNorm = 1.4218, lr_0 = 1.9535e-04
Loss = 7.1251e-02, PNorm = 47.3802, GNorm = 0.6943, lr_0 = 1.9458e-04
Loss = 8.4112e-02, PNorm = 47.3886, GNorm = 0.9137, lr_0 = 1.9382e-04
Loss = 6.6374e-02, PNorm = 47.3979, GNorm = 1.3735, lr_0 = 1.9306e-04
Validation mcc = 0.726419
Epoch 36
Loss = 5.9131e-02, PNorm = 47.4068, GNorm = 1.1443, lr_0 = 1.9230e-04
Loss = 5.5666e-02, PNorm = 47.4172, GNorm = 0.6571, lr_0 = 1.9155e-04
Loss = 5.0516e-02, PNorm = 47.4271, GNorm = 1.3967, lr_0 = 1.9079e-04
Loss = 5.1249e-02, PNorm = 47.4357, GNorm = 0.5441, lr_0 = 1.9005e-04
Loss = 6.6564e-02, PNorm = 47.4457, GNorm = 0.6208, lr_0 = 1.8930e-04
Loss = 9.5548e-02, PNorm = 47.4550, GNorm = 2.0397, lr_0 = 1.8856e-04
Loss = 5.9123e-02, PNorm = 47.4654, GNorm = 1.3578, lr_0 = 1.8782e-04
Loss = 9.9227e-02, PNorm = 47.4734, GNorm = 0.6972, lr_0 = 1.8708e-04
Loss = 8.8218e-02, PNorm = 47.4829, GNorm = 0.8233, lr_0 = 1.8635e-04
Loss = 6.4896e-02, PNorm = 47.4945, GNorm = 1.0782, lr_0 = 1.8562e-04
Loss = 7.9093e-02, PNorm = 47.5066, GNorm = 1.1395, lr_0 = 1.8489e-04
Loss = 9.9193e-02, PNorm = 47.5146, GNorm = 1.8719, lr_0 = 1.8416e-04
Validation mcc = 0.721911
Epoch 37
Loss = 5.5692e-02, PNorm = 47.5242, GNorm = 1.0490, lr_0 = 1.8337e-04
Loss = 5.2479e-02, PNorm = 47.5334, GNorm = 2.0269, lr_0 = 1.8265e-04
Loss = 6.0005e-02, PNorm = 47.5434, GNorm = 1.0545, lr_0 = 1.8193e-04
Loss = 5.8251e-02, PNorm = 47.5519, GNorm = 0.7723, lr_0 = 1.8122e-04
Loss = 6.6078e-02, PNorm = 47.5600, GNorm = 1.6912, lr_0 = 1.8050e-04
Loss = 8.4649e-02, PNorm = 47.5710, GNorm = 0.9147, lr_0 = 1.7980e-04
Loss = 7.3927e-02, PNorm = 47.5807, GNorm = 0.9167, lr_0 = 1.7909e-04
Loss = 7.1284e-02, PNorm = 47.5876, GNorm = 1.0828, lr_0 = 1.7839e-04
Loss = 8.8333e-02, PNorm = 47.5979, GNorm = 1.2136, lr_0 = 1.7769e-04
Loss = 8.4519e-02, PNorm = 47.6075, GNorm = 1.9572, lr_0 = 1.7699e-04
Loss = 8.6865e-02, PNorm = 47.6159, GNorm = 0.7274, lr_0 = 1.7630e-04
Loss = 8.5931e-02, PNorm = 47.6260, GNorm = 1.3982, lr_0 = 1.7560e-04
Validation mcc = 0.746798
Epoch 38
Loss = 5.6119e-02, PNorm = 47.6344, GNorm = 0.9512, lr_0 = 1.7492e-04
Loss = 7.3520e-02, PNorm = 47.6445, GNorm = 0.9801, lr_0 = 1.7423e-04
Loss = 5.5221e-02, PNorm = 47.6574, GNorm = 1.0983, lr_0 = 1.7355e-04
Loss = 6.4914e-02, PNorm = 47.6661, GNorm = 1.7346, lr_0 = 1.7286e-04
Loss = 7.1082e-02, PNorm = 47.6727, GNorm = 1.8974, lr_0 = 1.7219e-04
Loss = 7.9665e-02, PNorm = 47.6813, GNorm = 1.5926, lr_0 = 1.7151e-04
Loss = 7.6138e-02, PNorm = 47.6917, GNorm = 1.5282, lr_0 = 1.7084e-04
Loss = 7.3463e-02, PNorm = 47.7004, GNorm = 1.3452, lr_0 = 1.7017e-04
Loss = 8.0284e-02, PNorm = 47.7084, GNorm = 0.9582, lr_0 = 1.6950e-04
Loss = 5.3962e-02, PNorm = 47.7168, GNorm = 0.6817, lr_0 = 1.6883e-04
Loss = 9.3600e-02, PNorm = 47.7232, GNorm = 0.9531, lr_0 = 1.6817e-04
Loss = 3.6455e-02, PNorm = 47.7296, GNorm = 0.5444, lr_0 = 1.6751e-04
Validation mcc = 0.717110
Epoch 39
Loss = 9.4136e-02, PNorm = 47.7380, GNorm = 1.1827, lr_0 = 1.6679e-04
Loss = 4.7243e-02, PNorm = 47.7446, GNorm = 0.3711, lr_0 = 1.6613e-04
Loss = 5.4577e-02, PNorm = 47.7518, GNorm = 0.7792, lr_0 = 1.6548e-04
Loss = 6.3851e-02, PNorm = 47.7609, GNorm = 0.7849, lr_0 = 1.6483e-04
Loss = 5.7661e-02, PNorm = 47.7677, GNorm = 0.6377, lr_0 = 1.6419e-04
Loss = 7.2785e-02, PNorm = 47.7739, GNorm = 1.6314, lr_0 = 1.6354e-04
Loss = 7.4711e-02, PNorm = 47.7832, GNorm = 0.8580, lr_0 = 1.6290e-04
Loss = 5.8818e-02, PNorm = 47.7939, GNorm = 1.7651, lr_0 = 1.6226e-04
Loss = 8.3653e-02, PNorm = 47.7994, GNorm = 1.5390, lr_0 = 1.6162e-04
Loss = 6.4806e-02, PNorm = 47.8063, GNorm = 1.4993, lr_0 = 1.6099e-04
Loss = 8.7284e-02, PNorm = 47.8151, GNorm = 1.5553, lr_0 = 1.6036e-04
Loss = 7.6288e-02, PNorm = 47.8219, GNorm = 1.1006, lr_0 = 1.5973e-04
Loss = 7.0172e-02, PNorm = 47.8293, GNorm = 0.7646, lr_0 = 1.5910e-04
Validation mcc = 0.723567
Epoch 40
Loss = 4.7999e-02, PNorm = 47.8366, GNorm = 0.4840, lr_0 = 1.5848e-04
Loss = 4.0463e-02, PNorm = 47.8443, GNorm = 0.7194, lr_0 = 1.5785e-04
Loss = 7.7555e-02, PNorm = 47.8531, GNorm = 1.1613, lr_0 = 1.5724e-04
Loss = 7.1538e-02, PNorm = 47.8635, GNorm = 0.9806, lr_0 = 1.5662e-04
Loss = 5.8290e-02, PNorm = 47.8717, GNorm = 1.8170, lr_0 = 1.5600e-04
Loss = 5.2164e-02, PNorm = 47.8799, GNorm = 1.4282, lr_0 = 1.5539e-04
Loss = 5.3329e-02, PNorm = 47.8877, GNorm = 1.2784, lr_0 = 1.5478e-04
Loss = 5.9664e-02, PNorm = 47.8950, GNorm = 1.4602, lr_0 = 1.5417e-04
Loss = 6.9778e-02, PNorm = 47.9006, GNorm = 2.3307, lr_0 = 1.5357e-04
Loss = 8.2339e-02, PNorm = 47.9086, GNorm = 1.6988, lr_0 = 1.5297e-04
Loss = 6.0364e-02, PNorm = 47.9141, GNorm = 1.3450, lr_0 = 1.5237e-04
Loss = 7.0654e-02, PNorm = 47.9186, GNorm = 1.0892, lr_0 = 1.5177e-04
Validation mcc = 0.736455
Epoch 41
Loss = 5.0754e-02, PNorm = 47.9263, GNorm = 1.3343, lr_0 = 1.5111e-04
Loss = 5.8971e-02, PNorm = 47.9335, GNorm = 0.5046, lr_0 = 1.5052e-04
Loss = 5.9922e-02, PNorm = 47.9406, GNorm = 0.6922, lr_0 = 1.4993e-04
Loss = 5.3011e-02, PNorm = 47.9478, GNorm = 1.3406, lr_0 = 1.4934e-04
Loss = 6.5518e-02, PNorm = 47.9562, GNorm = 0.9283, lr_0 = 1.4876e-04
Loss = 4.8318e-02, PNorm = 47.9646, GNorm = 1.2385, lr_0 = 1.4817e-04
Loss = 7.1601e-02, PNorm = 47.9724, GNorm = 1.9615, lr_0 = 1.4759e-04
Loss = 5.2296e-02, PNorm = 47.9808, GNorm = 0.4324, lr_0 = 1.4701e-04
Loss = 7.5499e-02, PNorm = 47.9878, GNorm = 0.6285, lr_0 = 1.4643e-04
Loss = 6.2241e-02, PNorm = 47.9939, GNorm = 1.3155, lr_0 = 1.4586e-04
Loss = 7.9890e-02, PNorm = 47.9992, GNorm = 0.9941, lr_0 = 1.4529e-04
Loss = 5.9545e-02, PNorm = 48.0052, GNorm = 0.8552, lr_0 = 1.4472e-04
Validation mcc = 0.722825
Epoch 42
Loss = 3.0759e-02, PNorm = 48.0121, GNorm = 0.8546, lr_0 = 1.4415e-04
Loss = 4.6062e-02, PNorm = 48.0196, GNorm = 0.8946, lr_0 = 1.4358e-04
Loss = 8.2268e-02, PNorm = 48.0275, GNorm = 0.9491, lr_0 = 1.4302e-04
Loss = 4.9789e-02, PNorm = 48.0344, GNorm = 0.9402, lr_0 = 1.4246e-04
Loss = 5.2600e-02, PNorm = 48.0411, GNorm = 1.3760, lr_0 = 1.4190e-04
Loss = 6.7452e-02, PNorm = 48.0481, GNorm = 0.5473, lr_0 = 1.4134e-04
Loss = 4.7225e-02, PNorm = 48.0542, GNorm = 1.4009, lr_0 = 1.4079e-04
Loss = 5.5643e-02, PNorm = 48.0609, GNorm = 1.6472, lr_0 = 1.4024e-04
Loss = 4.4016e-02, PNorm = 48.0672, GNorm = 2.4276, lr_0 = 1.3969e-04
Loss = 4.6153e-02, PNorm = 48.0747, GNorm = 0.7111, lr_0 = 1.3914e-04
Loss = 5.5723e-02, PNorm = 48.0800, GNorm = 1.3604, lr_0 = 1.3859e-04
Loss = 7.5083e-02, PNorm = 48.0890, GNorm = 0.9446, lr_0 = 1.3805e-04
Loss = 7.5657e-02, PNorm = 48.0948, GNorm = 1.3344, lr_0 = 1.3751e-04
Validation mcc = 0.729908
Epoch 43
Loss = 5.6871e-02, PNorm = 48.1013, GNorm = 2.7169, lr_0 = 1.3697e-04
Loss = 7.0326e-02, PNorm = 48.1086, GNorm = 1.9920, lr_0 = 1.3643e-04
Loss = 4.5776e-02, PNorm = 48.1172, GNorm = 1.4723, lr_0 = 1.3589e-04
Loss = 6.4844e-02, PNorm = 48.1228, GNorm = 1.2177, lr_0 = 1.3536e-04
Loss = 6.2292e-02, PNorm = 48.1282, GNorm = 1.2562, lr_0 = 1.3483e-04
Loss = 6.3676e-02, PNorm = 48.1338, GNorm = 2.6834, lr_0 = 1.3430e-04
Loss = 6.1088e-02, PNorm = 48.1382, GNorm = 1.1493, lr_0 = 1.3377e-04
Loss = 5.3554e-02, PNorm = 48.1452, GNorm = 0.8850, lr_0 = 1.3325e-04
Loss = 4.9440e-02, PNorm = 48.1511, GNorm = 0.3078, lr_0 = 1.3272e-04
Loss = 5.5398e-02, PNorm = 48.1569, GNorm = 1.6395, lr_0 = 1.3220e-04
Loss = 5.6560e-02, PNorm = 48.1650, GNorm = 1.2502, lr_0 = 1.3168e-04
Loss = 6.9466e-02, PNorm = 48.1729, GNorm = 1.6026, lr_0 = 1.3117e-04
Validation mcc = 0.716176
Epoch 44
Loss = 3.9800e-02, PNorm = 48.1785, GNorm = 0.5752, lr_0 = 1.3060e-04
Loss = 4.9494e-02, PNorm = 48.1857, GNorm = 1.4703, lr_0 = 1.3009e-04
Loss = 4.8754e-02, PNorm = 48.1936, GNorm = 0.3159, lr_0 = 1.2958e-04
Loss = 4.9871e-02, PNorm = 48.1987, GNorm = 1.0644, lr_0 = 1.2907e-04
Loss = 4.8386e-02, PNorm = 48.2046, GNorm = 0.9709, lr_0 = 1.2856e-04
Loss = 4.3751e-02, PNorm = 48.2106, GNorm = 0.8543, lr_0 = 1.2806e-04
Loss = 5.5197e-02, PNorm = 48.2158, GNorm = 1.2090, lr_0 = 1.2756e-04
Loss = 5.6691e-02, PNorm = 48.2226, GNorm = 0.5459, lr_0 = 1.2706e-04
Loss = 6.0487e-02, PNorm = 48.2278, GNorm = 1.4510, lr_0 = 1.2656e-04
Loss = 7.8074e-02, PNorm = 48.2312, GNorm = 1.4990, lr_0 = 1.2606e-04
Loss = 4.9525e-02, PNorm = 48.2370, GNorm = 1.7894, lr_0 = 1.2557e-04
Loss = 6.9942e-02, PNorm = 48.2420, GNorm = 1.8953, lr_0 = 1.2507e-04
Validation mcc = 0.731633
Epoch 45
Loss = 4.7079e-02, PNorm = 48.2458, GNorm = 1.3940, lr_0 = 1.2458e-04
Loss = 3.5936e-02, PNorm = 48.2510, GNorm = 0.4207, lr_0 = 1.2409e-04
Loss = 5.2766e-02, PNorm = 48.2577, GNorm = 1.2995, lr_0 = 1.2361e-04
Loss = 4.1954e-02, PNorm = 48.2647, GNorm = 1.8765, lr_0 = 1.2312e-04
Loss = 4.8512e-02, PNorm = 48.2697, GNorm = 0.5821, lr_0 = 1.2264e-04
Loss = 5.4300e-02, PNorm = 48.2739, GNorm = 1.6326, lr_0 = 1.2216e-04
Loss = 5.5164e-02, PNorm = 48.2786, GNorm = 0.6667, lr_0 = 1.2168e-04
Loss = 6.5362e-02, PNorm = 48.2850, GNorm = 1.3415, lr_0 = 1.2120e-04
Loss = 6.2493e-02, PNorm = 48.2917, GNorm = 0.8528, lr_0 = 1.2072e-04
Loss = 4.5334e-02, PNorm = 48.2975, GNorm = 1.3589, lr_0 = 1.2025e-04
Loss = 5.3672e-02, PNorm = 48.3009, GNorm = 1.5195, lr_0 = 1.1978e-04
Loss = 5.8276e-02, PNorm = 48.3073, GNorm = 1.2035, lr_0 = 1.1931e-04
Validation mcc = 0.731751
Epoch 46
Loss = 3.7039e-02, PNorm = 48.3139, GNorm = 0.7890, lr_0 = 1.1879e-04
Loss = 4.4065e-02, PNorm = 48.3190, GNorm = 0.4608, lr_0 = 1.1833e-04
Loss = 3.9659e-02, PNorm = 48.3239, GNorm = 1.6029, lr_0 = 1.1786e-04
Loss = 4.9174e-02, PNorm = 48.3294, GNorm = 0.8005, lr_0 = 1.1740e-04
Loss = 4.6260e-02, PNorm = 48.3351, GNorm = 1.0250, lr_0 = 1.1694e-04
Loss = 5.9280e-02, PNorm = 48.3403, GNorm = 1.3991, lr_0 = 1.1648e-04
Loss = 5.8739e-02, PNorm = 48.3454, GNorm = 1.9528, lr_0 = 1.1602e-04
Loss = 5.5129e-02, PNorm = 48.3513, GNorm = 1.4264, lr_0 = 1.1557e-04
Loss = 4.5227e-02, PNorm = 48.3574, GNorm = 1.3488, lr_0 = 1.1512e-04
Loss = 5.1889e-02, PNorm = 48.3630, GNorm = 0.4852, lr_0 = 1.1466e-04
Loss = 5.1049e-02, PNorm = 48.3678, GNorm = 1.7424, lr_0 = 1.1421e-04
Loss = 6.1201e-02, PNorm = 48.3734, GNorm = 2.2067, lr_0 = 1.1377e-04
Loss = 5.4303e-02, PNorm = 48.3781, GNorm = 2.0715, lr_0 = 1.1332e-04
Validation mcc = 0.723827
Epoch 47
Loss = 4.1979e-02, PNorm = 48.3831, GNorm = 0.8585, lr_0 = 1.1287e-04
Loss = 3.6137e-02, PNorm = 48.3886, GNorm = 0.4616, lr_0 = 1.1243e-04
Loss = 5.1251e-02, PNorm = 48.3932, GNorm = 1.4195, lr_0 = 1.1199e-04
Loss = 5.5724e-02, PNorm = 48.3984, GNorm = 1.9380, lr_0 = 1.1155e-04
Loss = 4.3370e-02, PNorm = 48.4036, GNorm = 0.5667, lr_0 = 1.1111e-04
Loss = 3.5673e-02, PNorm = 48.4081, GNorm = 1.5727, lr_0 = 1.1068e-04
Loss = 4.8944e-02, PNorm = 48.4123, GNorm = 1.7143, lr_0 = 1.1024e-04
Loss = 4.4083e-02, PNorm = 48.4180, GNorm = 2.0481, lr_0 = 1.0981e-04
Loss = 3.9510e-02, PNorm = 48.4232, GNorm = 1.4954, lr_0 = 1.0938e-04
Loss = 6.6008e-02, PNorm = 48.4296, GNorm = 1.1240, lr_0 = 1.0895e-04
Loss = 3.9529e-02, PNorm = 48.4343, GNorm = 1.2407, lr_0 = 1.0852e-04
Loss = 7.4051e-02, PNorm = 48.4388, GNorm = 1.3355, lr_0 = 1.0810e-04
Validation mcc = 0.703600
Epoch 48
Loss = 4.3952e-02, PNorm = 48.4434, GNorm = 1.1235, lr_0 = 1.0763e-04
Loss = 4.2547e-02, PNorm = 48.4475, GNorm = 0.3715, lr_0 = 1.0721e-04
Loss = 3.5497e-02, PNorm = 48.4533, GNorm = 1.0304, lr_0 = 1.0679e-04
Loss = 5.6227e-02, PNorm = 48.4592, GNorm = 2.4198, lr_0 = 1.0637e-04
Loss = 4.0692e-02, PNorm = 48.4647, GNorm = 2.3856, lr_0 = 1.0595e-04
Loss = 4.6245e-02, PNorm = 48.4689, GNorm = 0.8709, lr_0 = 1.0553e-04
Loss = 5.3025e-02, PNorm = 48.4747, GNorm = 0.2933, lr_0 = 1.0512e-04
Loss = 4.5994e-02, PNorm = 48.4792, GNorm = 1.4134, lr_0 = 1.0471e-04
Loss = 3.2166e-02, PNorm = 48.4834, GNorm = 1.1910, lr_0 = 1.0430e-04
Loss = 4.3429e-02, PNorm = 48.4878, GNorm = 2.0119, lr_0 = 1.0389e-04
Loss = 7.0935e-02, PNorm = 48.4921, GNorm = 3.1269, lr_0 = 1.0348e-04
Loss = 4.3492e-02, PNorm = 48.4950, GNorm = 1.6771, lr_0 = 1.0307e-04
Validation mcc = 0.726419
Epoch 49
Loss = 6.9223e-02, PNorm = 48.4989, GNorm = 2.3762, lr_0 = 1.0267e-04
Loss = 4.6464e-02, PNorm = 48.5033, GNorm = 1.4384, lr_0 = 1.0227e-04
Loss = 3.9878e-02, PNorm = 48.5080, GNorm = 1.2704, lr_0 = 1.0187e-04
Loss = 4.4531e-02, PNorm = 48.5121, GNorm = 0.4808, lr_0 = 1.0147e-04
Loss = 3.4646e-02, PNorm = 48.5169, GNorm = 1.5838, lr_0 = 1.0107e-04
Loss = 5.9382e-02, PNorm = 48.5215, GNorm = 0.5469, lr_0 = 1.0067e-04
Loss = 6.0012e-02, PNorm = 48.5263, GNorm = 1.6805, lr_0 = 1.0028e-04
Loss = 6.1993e-02, PNorm = 48.5310, GNorm = 1.3864, lr_0 = 1.0000e-04
Loss = 3.2672e-02, PNorm = 48.5347, GNorm = 0.6379, lr_0 = 1.0000e-04
Loss = 3.5748e-02, PNorm = 48.5392, GNorm = 2.2403, lr_0 = 1.0000e-04
Loss = 4.3201e-02, PNorm = 48.5448, GNorm = 1.1381, lr_0 = 1.0000e-04
Loss = 4.9492e-02, PNorm = 48.5498, GNorm = 0.8771, lr_0 = 1.0000e-04
Validation mcc = 0.712252
Model 0 best validation mcc = 0.746798 on epoch 37
Loading pretrained parameter "encoder.encoder.0.cached_zero_vector".
Loading pretrained parameter "encoder.encoder.0.W_i.weight".
Loading pretrained parameter "encoder.encoder.0.W_h.weight".
Loading pretrained parameter "encoder.encoder.0.W_o.weight".
Loading pretrained parameter "encoder.encoder.0.W_o.bias".
Loading pretrained parameter "ffn.1.weight".
Loading pretrained parameter "ffn.1.bias".
Loading pretrained parameter "ffn.4.weight".
Loading pretrained parameter "ffn.4.bias".
Model 0 test mcc = 0.766008
Ensemble test mcc = 0.766008
Fold 4
Splitting data with seed 4
Class sizes
0 0: 36.36%, 1: 63.64%
Total size = 7,660 | train size = 6,128 | val size = 766 | test size = 766
Building model 0
MoleculeModel(
  (sigmoid): Sigmoid()
  (encoder): MPN(
    (encoder): ModuleList(
      (0): MPNEncoder(
        (dropout_layer): Dropout(p=0.0, inplace=False)
        (act_func): ReLU()
        (W_i): Linear(in_features=147, out_features=300, bias=False)
        (W_h): Linear(in_features=300, out_features=300, bias=False)
        (W_o): Linear(in_features=433, out_features=300, bias=True)
      )
    )
  )
  (ffn): Sequential(
    (0): Dropout(p=0.0, inplace=False)
    (1): Linear(in_features=300, out_features=300, bias=True)
    (2): ReLU()
    (3): Dropout(p=0.0, inplace=False)
    (4): Linear(in_features=300, out_features=1, bias=True)
  )
)
Number of parameters = 355,201
Epoch 0
Loss = 6.6548e-01, PNorm = 34.0117, GNorm = 1.4967, lr_0 = 1.4057e-04
Loss = 6.2537e-01, PNorm = 34.0144, GNorm = 0.9829, lr_0 = 1.7746e-04
Loss = 6.1763e-01, PNorm = 34.0213, GNorm = 0.2498, lr_0 = 2.1434e-04
Loss = 5.8184e-01, PNorm = 34.0339, GNorm = 0.4057, lr_0 = 2.5123e-04
Loss = 5.3974e-01, PNorm = 34.0542, GNorm = 0.5339, lr_0 = 2.8811e-04
Loss = 4.9446e-01, PNorm = 34.0792, GNorm = 2.5277, lr_0 = 3.2500e-04
Loss = 5.1963e-01, PNorm = 34.0969, GNorm = 1.0137, lr_0 = 3.6189e-04
Loss = 5.2833e-01, PNorm = 34.1082, GNorm = 0.8588, lr_0 = 3.9877e-04
Loss = 5.1581e-01, PNorm = 34.1284, GNorm = 1.7227, lr_0 = 4.3566e-04
Loss = 4.8462e-01, PNorm = 34.1512, GNorm = 1.6912, lr_0 = 4.7254e-04
Loss = 5.5726e-01, PNorm = 34.1721, GNorm = 1.1861, lr_0 = 5.0943e-04
Loss = 5.1136e-01, PNorm = 34.1984, GNorm = 0.6755, lr_0 = 5.4631e-04
Validation mcc = 0.545905
Epoch 1
Loss = 4.7178e-01, PNorm = 34.2350, GNorm = 2.9375, lr_0 = 5.8689e-04
Loss = 5.1167e-01, PNorm = 34.2661, GNorm = 1.9982, lr_0 = 6.2377e-04
Loss = 4.6832e-01, PNorm = 34.3029, GNorm = 1.4390, lr_0 = 6.6066e-04
Loss = 4.3021e-01, PNorm = 34.3506, GNorm = 1.3812, lr_0 = 6.9754e-04
Loss = 4.3303e-01, PNorm = 34.4019, GNorm = 2.5390, lr_0 = 7.3443e-04
Loss = 4.7236e-01, PNorm = 34.4419, GNorm = 2.8505, lr_0 = 7.7131e-04
Loss = 4.5544e-01, PNorm = 34.4946, GNorm = 5.9899, lr_0 = 8.0820e-04
Loss = 4.3307e-01, PNorm = 34.5361, GNorm = 0.5995, lr_0 = 8.4508e-04
Loss = 4.1047e-01, PNorm = 34.5977, GNorm = 0.5149, lr_0 = 8.8197e-04
Loss = 4.4207e-01, PNorm = 34.6583, GNorm = 0.7443, lr_0 = 9.1885e-04
Loss = 4.4976e-01, PNorm = 34.7246, GNorm = 0.9008, lr_0 = 9.5574e-04
Loss = 3.9004e-01, PNorm = 34.7981, GNorm = 1.1816, lr_0 = 9.9262e-04
Validation mcc = 0.577464
Epoch 2
Loss = 4.2428e-01, PNorm = 34.8647, GNorm = 0.4696, lr_0 = 9.9686e-04
Loss = 3.9117e-01, PNorm = 34.9433, GNorm = 0.8007, lr_0 = 9.9295e-04
Loss = 4.0429e-01, PNorm = 35.0142, GNorm = 1.2100, lr_0 = 9.8905e-04
Loss = 4.0541e-01, PNorm = 35.0892, GNorm = 0.5464, lr_0 = 9.8517e-04
Loss = 4.0578e-01, PNorm = 35.1535, GNorm = 0.5488, lr_0 = 9.8130e-04
Loss = 4.3313e-01, PNorm = 35.2055, GNorm = 2.4991, lr_0 = 9.7745e-04
Loss = 4.4652e-01, PNorm = 35.2647, GNorm = 0.8600, lr_0 = 9.7362e-04
Loss = 3.7107e-01, PNorm = 35.3243, GNorm = 0.9665, lr_0 = 9.6980e-04
Loss = 3.5761e-01, PNorm = 35.3876, GNorm = 1.5192, lr_0 = 9.6599e-04
Loss = 3.5866e-01, PNorm = 35.4577, GNorm = 1.2122, lr_0 = 9.6220e-04
Loss = 4.2407e-01, PNorm = 35.5258, GNorm = 2.1966, lr_0 = 9.5842e-04
Loss = 3.6528e-01, PNorm = 35.6026, GNorm = 1.7358, lr_0 = 9.5466e-04
Validation mcc = 0.566825
Epoch 3
Loss = 3.3715e-01, PNorm = 35.6867, GNorm = 1.4723, lr_0 = 9.5054e-04
Loss = 3.8868e-01, PNorm = 35.7281, GNorm = 1.4325, lr_0 = 9.4681e-04
Loss = 3.3990e-01, PNorm = 35.7917, GNorm = 3.9735, lr_0 = 9.4310e-04
Loss = 4.5801e-01, PNorm = 35.8461, GNorm = 1.2364, lr_0 = 9.3940e-04
Loss = 3.9896e-01, PNorm = 35.9069, GNorm = 0.7211, lr_0 = 9.3571e-04
Loss = 3.7788e-01, PNorm = 35.9699, GNorm = 1.2796, lr_0 = 9.3204e-04
Loss = 3.4705e-01, PNorm = 36.0308, GNorm = 1.8150, lr_0 = 9.2838e-04
Loss = 3.7945e-01, PNorm = 36.0829, GNorm = 0.7202, lr_0 = 9.2474e-04
Loss = 3.1860e-01, PNorm = 36.1575, GNorm = 0.9504, lr_0 = 9.2111e-04
Loss = 3.9046e-01, PNorm = 36.2120, GNorm = 1.5061, lr_0 = 9.1749e-04
Loss = 3.5315e-01, PNorm = 36.2658, GNorm = 1.3147, lr_0 = 9.1389e-04
Loss = 3.6130e-01, PNorm = 36.3222, GNorm = 0.5935, lr_0 = 9.1031e-04
Loss = 4.0432e-01, PNorm = 36.3799, GNorm = 0.9271, lr_0 = 9.0673e-04
Validation mcc = 0.687079
Epoch 4
Loss = 3.3899e-01, PNorm = 36.4368, GNorm = 1.1432, lr_0 = 9.0317e-04
Loss = 3.2618e-01, PNorm = 36.4961, GNorm = 0.8942, lr_0 = 8.9963e-04
Loss = 3.0919e-01, PNorm = 36.5518, GNorm = 1.6425, lr_0 = 8.9610e-04
Loss = 3.8298e-01, PNorm = 36.5916, GNorm = 1.7486, lr_0 = 8.9258e-04
Loss = 3.4268e-01, PNorm = 36.6246, GNorm = 0.9895, lr_0 = 8.8908e-04
Loss = 3.7880e-01, PNorm = 36.6848, GNorm = 2.3198, lr_0 = 8.8559e-04
Loss = 3.4109e-01, PNorm = 36.7404, GNorm = 2.0518, lr_0 = 8.8212e-04
Loss = 3.4949e-01, PNorm = 36.7856, GNorm = 1.1261, lr_0 = 8.7865e-04
Loss = 3.1891e-01, PNorm = 36.8402, GNorm = 1.0663, lr_0 = 8.7521e-04
Loss = 3.2739e-01, PNorm = 36.8972, GNorm = 1.8495, lr_0 = 8.7177e-04
Loss = 3.4496e-01, PNorm = 36.9620, GNorm = 1.1957, lr_0 = 8.6835e-04
Loss = 3.2967e-01, PNorm = 37.0233, GNorm = 0.9176, lr_0 = 8.6494e-04
Validation mcc = 0.671869
Epoch 5
Loss = 3.1283e-01, PNorm = 37.0945, GNorm = 1.5058, lr_0 = 8.6121e-04
Loss = 3.2841e-01, PNorm = 37.1548, GNorm = 0.5142, lr_0 = 8.5783e-04
Loss = 3.6166e-01, PNorm = 37.1994, GNorm = 1.1481, lr_0 = 8.5446e-04
Loss = 3.4026e-01, PNorm = 37.2395, GNorm = 1.0061, lr_0 = 8.5111e-04
Loss = 3.2637e-01, PNorm = 37.2969, GNorm = 0.9958, lr_0 = 8.4777e-04
Loss = 3.2197e-01, PNorm = 37.3498, GNorm = 0.8811, lr_0 = 8.4444e-04
Loss = 2.9843e-01, PNorm = 37.4106, GNorm = 0.5537, lr_0 = 8.4113e-04
Loss = 2.8345e-01, PNorm = 37.4851, GNorm = 0.7723, lr_0 = 8.3783e-04
Loss = 3.6086e-01, PNorm = 37.5283, GNorm = 0.7513, lr_0 = 8.3454e-04
Loss = 3.0082e-01, PNorm = 37.5857, GNorm = 1.3358, lr_0 = 8.3127e-04
Loss = 3.0805e-01, PNorm = 37.6361, GNorm = 0.4875, lr_0 = 8.2800e-04
Loss = 3.2060e-01, PNorm = 37.6886, GNorm = 0.9714, lr_0 = 8.2476e-04
Validation mcc = 0.676410
Epoch 6
Loss = 3.1471e-01, PNorm = 37.7376, GNorm = 1.1359, lr_0 = 8.2152e-04
Loss = 2.8718e-01, PNorm = 37.8061, GNorm = 1.5558, lr_0 = 8.1829e-04
Loss = 3.0997e-01, PNorm = 37.8829, GNorm = 1.7709, lr_0 = 8.1508e-04
Loss = 2.7771e-01, PNorm = 37.9538, GNorm = 0.8532, lr_0 = 8.1189e-04
Loss = 3.0964e-01, PNorm = 37.9993, GNorm = 0.8724, lr_0 = 8.0870e-04
Loss = 3.5583e-01, PNorm = 38.0227, GNorm = 1.4384, lr_0 = 8.0553e-04
Loss = 3.1116e-01, PNorm = 38.0556, GNorm = 1.0353, lr_0 = 8.0236e-04
Loss = 2.6506e-01, PNorm = 38.1081, GNorm = 0.6428, lr_0 = 7.9922e-04
Loss = 3.2116e-01, PNorm = 38.1411, GNorm = 1.6319, lr_0 = 7.9608e-04
Loss = 3.1625e-01, PNorm = 38.1818, GNorm = 1.0848, lr_0 = 7.9296e-04
Loss = 3.1373e-01, PNorm = 38.2258, GNorm = 0.6236, lr_0 = 7.8984e-04
Loss = 2.7773e-01, PNorm = 38.2715, GNorm = 0.8913, lr_0 = 7.8674e-04
Validation mcc = 0.667564
Epoch 7
Loss = 3.1972e-01, PNorm = 38.3274, GNorm = 1.5775, lr_0 = 7.8335e-04
Loss = 2.7218e-01, PNorm = 38.3962, GNorm = 1.4666, lr_0 = 7.8027e-04
Loss = 2.8480e-01, PNorm = 38.4471, GNorm = 1.9092, lr_0 = 7.7721e-04
Loss = 2.9463e-01, PNorm = 38.4997, GNorm = 1.6182, lr_0 = 7.7416e-04
Loss = 3.0514e-01, PNorm = 38.5623, GNorm = 0.6516, lr_0 = 7.7112e-04
Loss = 3.0627e-01, PNorm = 38.6090, GNorm = 0.9120, lr_0 = 7.6810e-04
Loss = 3.0864e-01, PNorm = 38.6410, GNorm = 0.7936, lr_0 = 7.6508e-04
Loss = 3.3052e-01, PNorm = 38.6779, GNorm = 0.9432, lr_0 = 7.6208e-04
Loss = 2.6256e-01, PNorm = 38.7322, GNorm = 0.9100, lr_0 = 7.5909e-04
Loss = 2.7206e-01, PNorm = 38.7929, GNorm = 0.4978, lr_0 = 7.5611e-04
Loss = 2.7219e-01, PNorm = 38.8359, GNorm = 0.9388, lr_0 = 7.5314e-04
Loss = 3.1669e-01, PNorm = 38.8482, GNorm = 0.8632, lr_0 = 7.5019e-04
Loss = 2.7691e-01, PNorm = 38.8786, GNorm = 0.9870, lr_0 = 7.4725e-04
Validation mcc = 0.693786
Epoch 8
Loss = 2.8219e-01, PNorm = 38.9319, GNorm = 0.6896, lr_0 = 7.4431e-04
Loss = 3.0672e-01, PNorm = 38.9988, GNorm = 2.2121, lr_0 = 7.4139e-04
Loss = 3.2183e-01, PNorm = 39.0398, GNorm = 0.8393, lr_0 = 7.3848e-04
Loss = 2.7060e-01, PNorm = 39.0964, GNorm = 1.0158, lr_0 = 7.3558e-04
Loss = 3.0313e-01, PNorm = 39.1576, GNorm = 1.1356, lr_0 = 7.3270e-04
Loss = 2.6502e-01, PNorm = 39.2157, GNorm = 1.7689, lr_0 = 7.2982e-04
Loss = 2.8104e-01, PNorm = 39.2527, GNorm = 0.5825, lr_0 = 7.2696e-04
Loss = 2.8806e-01, PNorm = 39.2802, GNorm = 0.5143, lr_0 = 7.2411e-04
Loss = 2.5153e-01, PNorm = 39.3275, GNorm = 2.2619, lr_0 = 7.2126e-04
Loss = 2.8220e-01, PNorm = 39.3699, GNorm = 0.4265, lr_0 = 7.1843e-04
Loss = 2.7981e-01, PNorm = 39.4174, GNorm = 0.9911, lr_0 = 7.1561e-04
Loss = 2.7596e-01, PNorm = 39.4516, GNorm = 0.8598, lr_0 = 7.1281e-04
Validation mcc = 0.708969
Epoch 9
Loss = 2.9755e-01, PNorm = 39.4929, GNorm = 0.7598, lr_0 = 7.1001e-04
Loss = 2.5082e-01, PNorm = 39.5437, GNorm = 1.1781, lr_0 = 7.0722e-04
Loss = 2.5277e-01, PNorm = 39.5980, GNorm = 0.7613, lr_0 = 7.0445e-04
Loss = 2.4601e-01, PNorm = 39.6506, GNorm = 0.4992, lr_0 = 7.0168e-04
Loss = 2.8390e-01, PNorm = 39.7041, GNorm = 0.9084, lr_0 = 6.9893e-04
Loss = 2.7603e-01, PNorm = 39.7509, GNorm = 1.4551, lr_0 = 6.9619e-04
Loss = 2.1992e-01, PNorm = 39.7800, GNorm = 1.7813, lr_0 = 6.9345e-04
Loss = 2.9785e-01, PNorm = 39.8049, GNorm = 1.3471, lr_0 = 6.9073e-04
Loss = 2.5984e-01, PNorm = 39.8468, GNorm = 1.1561, lr_0 = 6.8802e-04
Loss = 2.9851e-01, PNorm = 39.8981, GNorm = 0.5749, lr_0 = 6.8532e-04
Loss = 2.8461e-01, PNorm = 39.9379, GNorm = 1.5117, lr_0 = 6.8263e-04
Loss = 2.6823e-01, PNorm = 39.9577, GNorm = 0.7724, lr_0 = 6.7995e-04
Validation mcc = 0.698028
Epoch 10
Loss = 2.5688e-01, PNorm = 39.9951, GNorm = 1.0563, lr_0 = 6.7702e-04
Loss = 2.4529e-01, PNorm = 40.0548, GNorm = 1.6099, lr_0 = 6.7436e-04
Loss = 2.8899e-01, PNorm = 40.0959, GNorm = 0.9363, lr_0 = 6.7172e-04
Loss = 2.3451e-01, PNorm = 40.1403, GNorm = 1.2154, lr_0 = 6.6908e-04
Loss = 2.4381e-01, PNorm = 40.1896, GNorm = 1.2652, lr_0 = 6.6645e-04
Loss = 2.7453e-01, PNorm = 40.2231, GNorm = 0.9573, lr_0 = 6.6384e-04
Loss = 2.3066e-01, PNorm = 40.2608, GNorm = 0.8870, lr_0 = 6.6123e-04
Loss = 2.4866e-01, PNorm = 40.2953, GNorm = 0.6957, lr_0 = 6.5864e-04
Loss = 2.3618e-01, PNorm = 40.3452, GNorm = 0.9466, lr_0 = 6.5605e-04
Loss = 2.4111e-01, PNorm = 40.3833, GNorm = 1.2195, lr_0 = 6.5348e-04
Loss = 2.7413e-01, PNorm = 40.4238, GNorm = 1.6785, lr_0 = 6.5092e-04
Loss = 2.5499e-01, PNorm = 40.4474, GNorm = 1.6707, lr_0 = 6.4836e-04
Validation mcc = 0.685309
Epoch 11
Loss = 2.8881e-01, PNorm = 40.4813, GNorm = 0.7619, lr_0 = 6.4582e-04
Loss = 2.5183e-01, PNorm = 40.5234, GNorm = 0.8251, lr_0 = 6.4328e-04
Loss = 2.4795e-01, PNorm = 40.5681, GNorm = 0.5792, lr_0 = 6.4076e-04
Loss = 2.3748e-01, PNorm = 40.6109, GNorm = 1.5604, lr_0 = 6.3824e-04
Loss = 2.5469e-01, PNorm = 40.6317, GNorm = 1.1580, lr_0 = 6.3574e-04
Loss = 2.6858e-01, PNorm = 40.6643, GNorm = 1.2611, lr_0 = 6.3324e-04
Loss = 2.1677e-01, PNorm = 40.7116, GNorm = 0.8147, lr_0 = 6.3076e-04
Loss = 2.3430e-01, PNorm = 40.7573, GNorm = 0.6393, lr_0 = 6.2828e-04
Loss = 2.5901e-01, PNorm = 40.7920, GNorm = 0.5751, lr_0 = 6.2582e-04
Loss = 2.3335e-01, PNorm = 40.8308, GNorm = 0.8882, lr_0 = 6.2336e-04
Loss = 2.3786e-01, PNorm = 40.8810, GNorm = 1.3093, lr_0 = 6.2092e-04
Loss = 2.1600e-01, PNorm = 40.9245, GNorm = 1.1287, lr_0 = 6.1848e-04
Loss = 2.3718e-01, PNorm = 40.9723, GNorm = 1.1153, lr_0 = 6.1605e-04
Loss = 3.9901e-01, PNorm = 40.9752, GNorm = 2.1285, lr_0 = 6.1581e-04
Validation mcc = 0.752424
Epoch 12
Loss = 2.4119e-01, PNorm = 41.0109, GNorm = 0.4349, lr_0 = 6.1339e-04
Loss = 2.7128e-01, PNorm = 41.0376, GNorm = 1.4937, lr_0 = 6.1099e-04
Loss = 2.0363e-01, PNorm = 41.0659, GNorm = 0.6922, lr_0 = 6.0859e-04
Loss = 2.1934e-01, PNorm = 41.1203, GNorm = 1.6277, lr_0 = 6.0620e-04
Loss = 2.5588e-01, PNorm = 41.1749, GNorm = 1.1635, lr_0 = 6.0382e-04
Loss = 2.3339e-01, PNorm = 41.2149, GNorm = 1.4023, lr_0 = 6.0145e-04
Loss = 2.5253e-01, PNorm = 41.2521, GNorm = 0.9746, lr_0 = 5.9909e-04
Loss = 2.1355e-01, PNorm = 41.2881, GNorm = 0.9146, lr_0 = 5.9674e-04
Loss = 2.2707e-01, PNorm = 41.3089, GNorm = 0.5395, lr_0 = 5.9440e-04
Loss = 2.7383e-01, PNorm = 41.3242, GNorm = 1.0815, lr_0 = 5.9207e-04
Loss = 2.0540e-01, PNorm = 41.3507, GNorm = 0.7270, lr_0 = 5.8974e-04
Loss = 2.3420e-01, PNorm = 41.4017, GNorm = 1.4628, lr_0 = 5.8743e-04
Validation mcc = 0.745679
Epoch 13
Loss = 1.8021e-01, PNorm = 41.4545, GNorm = 1.4293, lr_0 = 5.8512e-04
Loss = 2.1117e-01, PNorm = 41.5040, GNorm = 0.8409, lr_0 = 5.8283e-04
Loss = 2.2899e-01, PNorm = 41.5355, GNorm = 0.9574, lr_0 = 5.8054e-04
Loss = 2.3238e-01, PNorm = 41.5691, GNorm = 0.6636, lr_0 = 5.7826e-04
Loss = 2.3991e-01, PNorm = 41.6055, GNorm = 0.9643, lr_0 = 5.7599e-04
Loss = 2.3868e-01, PNorm = 41.6326, GNorm = 0.5831, lr_0 = 5.7373e-04
Loss = 2.1328e-01, PNorm = 41.6640, GNorm = 0.8142, lr_0 = 5.7148e-04
Loss = 2.6288e-01, PNorm = 41.6946, GNorm = 0.8831, lr_0 = 5.6924e-04
Loss = 1.8717e-01, PNorm = 41.7436, GNorm = 1.3247, lr_0 = 5.6700e-04
Loss = 1.9812e-01, PNorm = 41.7805, GNorm = 0.8247, lr_0 = 5.6478e-04
Loss = 2.6624e-01, PNorm = 41.8115, GNorm = 1.2433, lr_0 = 5.6256e-04
Loss = 2.4465e-01, PNorm = 41.8302, GNorm = 0.9109, lr_0 = 5.6035e-04
Validation mcc = 0.697185
Epoch 14
Loss = 2.0302e-01, PNorm = 41.8618, GNorm = 1.3994, lr_0 = 5.5794e-04
Loss = 2.4410e-01, PNorm = 41.8972, GNorm = 1.5524, lr_0 = 5.5575e-04
Loss = 2.0570e-01, PNorm = 41.9358, GNorm = 1.0846, lr_0 = 5.5357e-04
Loss = 2.1970e-01, PNorm = 41.9793, GNorm = 1.7877, lr_0 = 5.5139e-04
Loss = 2.2555e-01, PNorm = 42.0210, GNorm = 0.9041, lr_0 = 5.4923e-04
Loss = 2.1531e-01, PNorm = 42.0641, GNorm = 0.8651, lr_0 = 5.4707e-04
Loss = 2.1820e-01, PNorm = 42.0945, GNorm = 0.9368, lr_0 = 5.4493e-04
Loss = 2.2274e-01, PNorm = 42.1309, GNorm = 1.5777, lr_0 = 5.4279e-04
Loss = 2.1870e-01, PNorm = 42.1593, GNorm = 0.9281, lr_0 = 5.4066e-04
Loss = 2.2827e-01, PNorm = 42.1895, GNorm = 0.9582, lr_0 = 5.3854e-04
Loss = 2.3557e-01, PNorm = 42.2246, GNorm = 1.2641, lr_0 = 5.3642e-04
Loss = 2.2636e-01, PNorm = 42.2538, GNorm = 0.9952, lr_0 = 5.3432e-04
Validation mcc = 0.735220
Epoch 15
Loss = 2.3028e-01, PNorm = 42.2832, GNorm = 0.9607, lr_0 = 5.3222e-04
Loss = 2.1993e-01, PNorm = 42.3283, GNorm = 2.4493, lr_0 = 5.3013e-04
Loss = 2.2886e-01, PNorm = 42.3448, GNorm = 1.6219, lr_0 = 5.2805e-04
Loss = 2.0449e-01, PNorm = 42.3691, GNorm = 1.6781, lr_0 = 5.2598e-04
Loss = 1.9667e-01, PNorm = 42.4188, GNorm = 0.6703, lr_0 = 5.2392e-04
Loss = 2.1999e-01, PNorm = 42.4553, GNorm = 0.9479, lr_0 = 5.2186e-04
Loss = 1.9711e-01, PNorm = 42.4870, GNorm = 0.7773, lr_0 = 5.1981e-04
Loss = 2.3258e-01, PNorm = 42.5315, GNorm = 1.0794, lr_0 = 5.1777e-04
Loss = 2.0971e-01, PNorm = 42.5617, GNorm = 0.8428, lr_0 = 5.1574e-04
Loss = 1.8655e-01, PNorm = 42.5919, GNorm = 0.7171, lr_0 = 5.1372e-04
Loss = 1.6709e-01, PNorm = 42.6255, GNorm = 1.2546, lr_0 = 5.1170e-04
Loss = 2.0018e-01, PNorm = 42.6564, GNorm = 0.8730, lr_0 = 5.0969e-04
Loss = 2.2126e-01, PNorm = 42.6737, GNorm = 1.9108, lr_0 = 5.0769e-04
Loss = 6.1681e-02, PNorm = 42.6762, GNorm = 0.6472, lr_0 = 5.0749e-04
Validation mcc = 0.718536
Epoch 16
Loss = 2.4564e-01, PNorm = 42.6984, GNorm = 0.9324, lr_0 = 5.0550e-04
Loss = 2.1174e-01, PNorm = 42.7336, GNorm = 2.2172, lr_0 = 5.0352e-04
Loss = 2.4670e-01, PNorm = 42.7555, GNorm = 1.6142, lr_0 = 5.0154e-04
Loss = 2.0650e-01, PNorm = 42.7756, GNorm = 0.7305, lr_0 = 4.9957e-04
Loss = 1.9778e-01, PNorm = 42.8177, GNorm = 1.0338, lr_0 = 4.9761e-04
Loss = 2.0056e-01, PNorm = 42.8525, GNorm = 1.5253, lr_0 = 4.9566e-04
Loss = 2.0274e-01, PNorm = 42.8814, GNorm = 1.2215, lr_0 = 4.9372e-04
Loss = 1.6912e-01, PNorm = 42.9208, GNorm = 0.8316, lr_0 = 4.9178e-04
Loss = 1.8609e-01, PNorm = 42.9543, GNorm = 0.5863, lr_0 = 4.8985e-04
Loss = 1.6870e-01, PNorm = 42.9889, GNorm = 2.3887, lr_0 = 4.8793e-04
Loss = 2.1811e-01, PNorm = 43.0140, GNorm = 1.5537, lr_0 = 4.8601e-04
Loss = 1.8970e-01, PNorm = 43.0389, GNorm = 1.0525, lr_0 = 4.8410e-04
Validation mcc = 0.710691
Epoch 17
Loss = 2.0125e-01, PNorm = 43.0766, GNorm = 1.2838, lr_0 = 4.8220e-04
Loss = 2.0074e-01, PNorm = 43.1115, GNorm = 1.1633, lr_0 = 4.8031e-04
Loss = 1.7328e-01, PNorm = 43.1440, GNorm = 1.0394, lr_0 = 4.7843e-04
Loss = 1.8404e-01, PNorm = 43.1858, GNorm = 1.6104, lr_0 = 4.7655e-04
Loss = 1.9989e-01, PNorm = 43.2187, GNorm = 1.5567, lr_0 = 4.7468e-04
Loss = 2.2258e-01, PNorm = 43.2471, GNorm = 1.0290, lr_0 = 4.7282e-04
Loss = 1.9978e-01, PNorm = 43.2766, GNorm = 0.6281, lr_0 = 4.7096e-04
Loss = 1.6844e-01, PNorm = 43.3161, GNorm = 1.4295, lr_0 = 4.6911e-04
Loss = 1.6371e-01, PNorm = 43.3424, GNorm = 1.1640, lr_0 = 4.6727e-04
Loss = 1.9991e-01, PNorm = 43.3635, GNorm = 1.5284, lr_0 = 4.6544e-04
Loss = 1.9122e-01, PNorm = 43.3926, GNorm = 2.2082, lr_0 = 4.6361e-04
Loss = 2.1170e-01, PNorm = 43.4152, GNorm = 1.1340, lr_0 = 4.6179e-04
Validation mcc = 0.709229
Epoch 18
Loss = 1.6713e-01, PNorm = 43.4219, GNorm = 0.8079, lr_0 = 4.5998e-04
Loss = 1.9587e-01, PNorm = 43.4469, GNorm = 0.6673, lr_0 = 4.5818e-04
Loss = 1.7843e-01, PNorm = 43.4873, GNorm = 1.3616, lr_0 = 4.5638e-04
Loss = 1.8397e-01, PNorm = 43.5210, GNorm = 0.9694, lr_0 = 4.5459e-04
Loss = 1.8533e-01, PNorm = 43.5516, GNorm = 1.0626, lr_0 = 4.5280e-04
Loss = 1.6923e-01, PNorm = 43.5853, GNorm = 1.2482, lr_0 = 4.5103e-04
Loss = 2.0400e-01, PNorm = 43.6124, GNorm = 0.7476, lr_0 = 4.4926e-04
Loss = 1.8219e-01, PNorm = 43.6430, GNorm = 1.0698, lr_0 = 4.4749e-04
Loss = 1.8674e-01, PNorm = 43.6653, GNorm = 0.7618, lr_0 = 4.4574e-04
Loss = 2.0377e-01, PNorm = 43.6897, GNorm = 1.5480, lr_0 = 4.4399e-04
Loss = 1.7193e-01, PNorm = 43.7236, GNorm = 1.1103, lr_0 = 4.4224e-04
Loss = 1.8017e-01, PNorm = 43.7505, GNorm = 1.0578, lr_0 = 4.4051e-04
Validation mcc = 0.734747
Epoch 19
Loss = 2.0211e-01, PNorm = 43.7740, GNorm = 1.2842, lr_0 = 4.3861e-04
Loss = 1.8440e-01, PNorm = 43.7880, GNorm = 0.9129, lr_0 = 4.3689e-04
Loss = 1.6571e-01, PNorm = 43.8116, GNorm = 1.3418, lr_0 = 4.3517e-04
Loss = 1.7060e-01, PNorm = 43.8472, GNorm = 1.3295, lr_0 = 4.3346e-04
Loss = 1.2635e-01, PNorm = 43.8809, GNorm = 0.8371, lr_0 = 4.3176e-04
Loss = 1.6523e-01, PNorm = 43.9143, GNorm = 1.6450, lr_0 = 4.3007e-04
Loss = 2.0207e-01, PNorm = 43.9416, GNorm = 1.0007, lr_0 = 4.2838e-04
Loss = 1.9484e-01, PNorm = 43.9673, GNorm = 1.5124, lr_0 = 4.2670e-04
Loss = 1.6377e-01, PNorm = 43.9916, GNorm = 1.1678, lr_0 = 4.2503e-04
Loss = 1.9051e-01, PNorm = 44.0100, GNorm = 0.8262, lr_0 = 4.2336e-04
Loss = 2.1269e-01, PNorm = 44.0290, GNorm = 0.7333, lr_0 = 4.2170e-04
Loss = 1.8368e-01, PNorm = 44.0533, GNorm = 1.0794, lr_0 = 4.2004e-04
Loss = 1.6307e-01, PNorm = 44.0817, GNorm = 1.1883, lr_0 = 4.1839e-04
Validation mcc = 0.724931
Epoch 20
Loss = 1.5909e-01, PNorm = 44.1071, GNorm = 0.9849, lr_0 = 4.1675e-04
Loss = 2.0294e-01, PNorm = 44.1388, GNorm = 1.0170, lr_0 = 4.1512e-04
Loss = 1.7163e-01, PNorm = 44.1650, GNorm = 0.9980, lr_0 = 4.1349e-04
Loss = 1.6742e-01, PNorm = 44.1885, GNorm = 0.9030, lr_0 = 4.1186e-04
Loss = 1.5624e-01, PNorm = 44.2171, GNorm = 0.7285, lr_0 = 4.1025e-04
Loss = 1.5937e-01, PNorm = 44.2482, GNorm = 1.6473, lr_0 = 4.0864e-04
Loss = 1.6318e-01, PNorm = 44.2772, GNorm = 0.9827, lr_0 = 4.0703e-04
Loss = 1.7192e-01, PNorm = 44.3039, GNorm = 0.8409, lr_0 = 4.0544e-04
Loss = 1.7937e-01, PNorm = 44.3255, GNorm = 1.2999, lr_0 = 4.0385e-04
Loss = 1.6892e-01, PNorm = 44.3449, GNorm = 1.2640, lr_0 = 4.0226e-04
Loss = 1.8101e-01, PNorm = 44.3588, GNorm = 1.1184, lr_0 = 4.0068e-04
Loss = 1.7099e-01, PNorm = 44.3817, GNorm = 1.0237, lr_0 = 3.9911e-04
Validation mcc = 0.724223
Epoch 21
Loss = 1.6972e-01, PNorm = 44.4061, GNorm = 0.5856, lr_0 = 3.9739e-04
Loss = 1.4023e-01, PNorm = 44.4245, GNorm = 1.0880, lr_0 = 3.9583e-04
Loss = 1.4893e-01, PNorm = 44.4569, GNorm = 1.2057, lr_0 = 3.9427e-04
Loss = 1.4447e-01, PNorm = 44.4856, GNorm = 1.2937, lr_0 = 3.9273e-04
Loss = 1.2439e-01, PNorm = 44.5083, GNorm = 0.7745, lr_0 = 3.9119e-04
Loss = 1.8783e-01, PNorm = 44.5305, GNorm = 1.1342, lr_0 = 3.8965e-04
Loss = 1.7449e-01, PNorm = 44.5526, GNorm = 0.9884, lr_0 = 3.8812e-04
Loss = 1.7402e-01, PNorm = 44.5822, GNorm = 1.7407, lr_0 = 3.8660e-04
Loss = 1.8549e-01, PNorm = 44.6081, GNorm = 1.4328, lr_0 = 3.8508e-04
Loss = 1.7846e-01, PNorm = 44.6284, GNorm = 1.0222, lr_0 = 3.8357e-04
Loss = 1.6218e-01, PNorm = 44.6533, GNorm = 1.0176, lr_0 = 3.8207e-04
Loss = 1.8984e-01, PNorm = 44.6778, GNorm = 1.2373, lr_0 = 3.8057e-04
Validation mcc = 0.705982
Epoch 22
Loss = 1.2697e-01, PNorm = 44.6940, GNorm = 1.0019, lr_0 = 3.7907e-04
Loss = 1.5126e-01, PNorm = 44.7247, GNorm = 1.2028, lr_0 = 3.7759e-04
Loss = 1.5026e-01, PNorm = 44.7515, GNorm = 0.7574, lr_0 = 3.7610e-04
Loss = 1.8307e-01, PNorm = 44.7797, GNorm = 1.4023, lr_0 = 3.7463e-04
Loss = 1.3111e-01, PNorm = 44.8085, GNorm = 1.5219, lr_0 = 3.7316e-04
Loss = 1.2142e-01, PNorm = 44.8312, GNorm = 0.7367, lr_0 = 3.7169e-04
Loss = 1.3867e-01, PNorm = 44.8519, GNorm = 1.4596, lr_0 = 3.7023e-04
Loss = 1.2778e-01, PNorm = 44.8785, GNorm = 0.9901, lr_0 = 3.6878e-04
Loss = 1.3252e-01, PNorm = 44.9059, GNorm = 2.5003, lr_0 = 3.6733e-04
Loss = 1.6233e-01, PNorm = 44.9239, GNorm = 1.4254, lr_0 = 3.6589e-04
Loss = 1.9125e-01, PNorm = 44.9478, GNorm = 1.1977, lr_0 = 3.6446e-04
Loss = 1.8435e-01, PNorm = 44.9662, GNorm = 0.8203, lr_0 = 3.6303e-04
Validation mcc = 0.729910
Epoch 23
Loss = 1.6680e-01, PNorm = 44.9824, GNorm = 1.1326, lr_0 = 3.6146e-04
Loss = 1.7423e-01, PNorm = 45.0025, GNorm = 1.1425, lr_0 = 3.6004e-04
Loss = 1.1169e-01, PNorm = 45.0239, GNorm = 1.0146, lr_0 = 3.5863e-04
Loss = 1.8060e-01, PNorm = 45.0391, GNorm = 0.9015, lr_0 = 3.5722e-04
Loss = 1.4088e-01, PNorm = 45.0579, GNorm = 1.2275, lr_0 = 3.5582e-04
Loss = 1.4766e-01, PNorm = 45.0824, GNorm = 2.7745, lr_0 = 3.5442e-04
Loss = 1.4850e-01, PNorm = 45.1139, GNorm = 1.3281, lr_0 = 3.5303e-04
Loss = 1.5848e-01, PNorm = 45.1307, GNorm = 1.9431, lr_0 = 3.5165e-04
Loss = 1.1898e-01, PNorm = 45.1525, GNorm = 1.0319, lr_0 = 3.5027e-04
Loss = 1.2718e-01, PNorm = 45.1734, GNorm = 1.2169, lr_0 = 3.4889e-04
Loss = 1.5500e-01, PNorm = 45.1915, GNorm = 1.5020, lr_0 = 3.4752e-04
Loss = 1.3041e-01, PNorm = 45.2135, GNorm = 1.0546, lr_0 = 3.4616e-04
Loss = 1.4240e-01, PNorm = 45.2398, GNorm = 1.2587, lr_0 = 3.4480e-04
Validation mcc = 0.738251
Epoch 24
Loss = 1.2670e-01, PNorm = 45.2681, GNorm = 1.0123, lr_0 = 3.4345e-04
Loss = 1.2378e-01, PNorm = 45.2936, GNorm = 0.9665, lr_0 = 3.4210e-04
Loss = 1.1232e-01, PNorm = 45.3184, GNorm = 0.8005, lr_0 = 3.4076e-04
Loss = 1.2938e-01, PNorm = 45.3458, GNorm = 2.1190, lr_0 = 3.3942e-04
Loss = 1.3837e-01, PNorm = 45.3706, GNorm = 1.1669, lr_0 = 3.3809e-04
Loss = 1.5678e-01, PNorm = 45.3922, GNorm = 1.4110, lr_0 = 3.3676e-04
Loss = 1.1768e-01, PNorm = 45.4114, GNorm = 1.0273, lr_0 = 3.3544e-04
Loss = 1.5509e-01, PNorm = 45.4281, GNorm = 0.8391, lr_0 = 3.3412e-04
Loss = 1.4673e-01, PNorm = 45.4439, GNorm = 1.1642, lr_0 = 3.3281e-04
Loss = 1.4167e-01, PNorm = 45.4682, GNorm = 1.0567, lr_0 = 3.3151e-04
Loss = 1.3425e-01, PNorm = 45.4824, GNorm = 0.6804, lr_0 = 3.3021e-04
Loss = 1.7896e-01, PNorm = 45.4937, GNorm = 2.4803, lr_0 = 3.2891e-04
Validation mcc = 0.754402
Epoch 25
Loss = 1.2482e-01, PNorm = 45.5146, GNorm = 1.0076, lr_0 = 3.2762e-04
Loss = 1.2335e-01, PNorm = 45.5296, GNorm = 0.5738, lr_0 = 3.2633e-04
Loss = 1.3906e-01, PNorm = 45.5506, GNorm = 0.9981, lr_0 = 3.2505e-04
Loss = 1.4763e-01, PNorm = 45.5709, GNorm = 0.9222, lr_0 = 3.2378e-04
Loss = 1.4066e-01, PNorm = 45.5938, GNorm = 1.2247, lr_0 = 3.2251e-04
Loss = 1.2758e-01, PNorm = 45.6168, GNorm = 0.8153, lr_0 = 3.2124e-04
Loss = 1.0770e-01, PNorm = 45.6329, GNorm = 1.2973, lr_0 = 3.1998e-04
Loss = 1.2548e-01, PNorm = 45.6546, GNorm = 0.8637, lr_0 = 3.1872e-04
Loss = 1.6291e-01, PNorm = 45.6751, GNorm = 3.1558, lr_0 = 3.1747e-04
Loss = 1.4977e-01, PNorm = 45.6928, GNorm = 1.0495, lr_0 = 3.1623e-04
Loss = 1.3689e-01, PNorm = 45.7154, GNorm = 1.3700, lr_0 = 3.1499e-04
Loss = 1.4619e-01, PNorm = 45.7321, GNorm = 0.9050, lr_0 = 3.1375e-04
Validation mcc = 0.731216
Epoch 26
Loss = 1.0709e-01, PNorm = 45.7502, GNorm = 1.0778, lr_0 = 3.1240e-04
Loss = 1.0786e-01, PNorm = 45.7677, GNorm = 1.1924, lr_0 = 3.1117e-04
Loss = 1.3597e-01, PNorm = 45.7905, GNorm = 1.1328, lr_0 = 3.0995e-04
Loss = 1.1829e-01, PNorm = 45.8158, GNorm = 0.9330, lr_0 = 3.0873e-04
Loss = 1.4421e-01, PNorm = 45.8387, GNorm = 1.8502, lr_0 = 3.0752e-04
Loss = 1.3673e-01, PNorm = 45.8562, GNorm = 1.7349, lr_0 = 3.0631e-04
Loss = 1.4599e-01, PNorm = 45.8748, GNorm = 1.2582, lr_0 = 3.0511e-04
Loss = 1.2944e-01, PNorm = 45.8944, GNorm = 1.7556, lr_0 = 3.0392e-04
Loss = 1.1663e-01, PNorm = 45.9116, GNorm = 0.9945, lr_0 = 3.0272e-04
Loss = 1.0189e-01, PNorm = 45.9275, GNorm = 0.3914, lr_0 = 3.0153e-04
Loss = 1.3090e-01, PNorm = 45.9432, GNorm = 1.7107, lr_0 = 3.0035e-04
Loss = 1.2857e-01, PNorm = 45.9583, GNorm = 1.1229, lr_0 = 2.9917e-04
Validation mcc = 0.737329
Epoch 27
Loss = 1.6939e-01, PNorm = 45.9717, GNorm = 1.2537, lr_0 = 2.9800e-04
Loss = 1.5401e-01, PNorm = 45.9894, GNorm = 2.8729, lr_0 = 2.9683e-04
Loss = 9.4167e-02, PNorm = 46.0094, GNorm = 1.6784, lr_0 = 2.9566e-04
Loss = 1.2028e-01, PNorm = 46.0261, GNorm = 1.0998, lr_0 = 2.9450e-04
Loss = 1.2887e-01, PNorm = 46.0429, GNorm = 2.3268, lr_0 = 2.9335e-04
Loss = 1.2035e-01, PNorm = 46.0565, GNorm = 1.7143, lr_0 = 2.9220e-04
Loss = 1.0576e-01, PNorm = 46.0740, GNorm = 1.7810, lr_0 = 2.9105e-04
Loss = 1.2812e-01, PNorm = 46.0868, GNorm = 0.6896, lr_0 = 2.8991e-04
Loss = 1.0494e-01, PNorm = 46.1040, GNorm = 1.3642, lr_0 = 2.8877e-04
Loss = 1.2263e-01, PNorm = 46.1234, GNorm = 1.1846, lr_0 = 2.8764e-04
Loss = 1.3735e-01, PNorm = 46.1432, GNorm = 1.3255, lr_0 = 2.8651e-04
Loss = 1.3509e-01, PNorm = 46.1556, GNorm = 1.1358, lr_0 = 2.8538e-04
Loss = 1.2813e-01, PNorm = 46.1731, GNorm = 1.0941, lr_0 = 2.8426e-04
Validation mcc = 0.749293
Epoch 28
Loss = 1.0272e-01, PNorm = 46.1906, GNorm = 0.8615, lr_0 = 2.8304e-04
Loss = 9.6612e-02, PNorm = 46.2097, GNorm = 0.8669, lr_0 = 2.8193e-04
Loss = 1.2304e-01, PNorm = 46.2272, GNorm = 0.7377, lr_0 = 2.8082e-04
Loss = 9.3547e-02, PNorm = 46.2436, GNorm = 0.8585, lr_0 = 2.7972e-04
Loss = 1.1504e-01, PNorm = 46.2612, GNorm = 2.2831, lr_0 = 2.7862e-04
Loss = 1.0743e-01, PNorm = 46.2752, GNorm = 1.2488, lr_0 = 2.7753e-04
Loss = 1.1576e-01, PNorm = 46.2935, GNorm = 1.2011, lr_0 = 2.7644e-04
Loss = 1.2412e-01, PNorm = 46.3108, GNorm = 2.6930, lr_0 = 2.7535e-04
Loss = 1.3611e-01, PNorm = 46.3235, GNorm = 1.6018, lr_0 = 2.7427e-04
Loss = 1.2549e-01, PNorm = 46.3339, GNorm = 1.4893, lr_0 = 2.7320e-04
Loss = 1.1066e-01, PNorm = 46.3539, GNorm = 1.4309, lr_0 = 2.7212e-04
Loss = 1.1937e-01, PNorm = 46.3708, GNorm = 1.5567, lr_0 = 2.7106e-04
Validation mcc = 0.747745
Epoch 29
Loss = 1.0380e-01, PNorm = 46.3880, GNorm = 0.6223, lr_0 = 2.6999e-04
Loss = 8.9228e-02, PNorm = 46.4050, GNorm = 0.9270, lr_0 = 2.6893e-04
Loss = 1.1497e-01, PNorm = 46.4196, GNorm = 1.2076, lr_0 = 2.6788e-04
Loss = 9.5365e-02, PNorm = 46.4371, GNorm = 1.3464, lr_0 = 2.6683e-04
Loss = 1.1065e-01, PNorm = 46.4508, GNorm = 2.1225, lr_0 = 2.6578e-04
Loss = 1.3023e-01, PNorm = 46.4624, GNorm = 1.2797, lr_0 = 2.6474e-04
Loss = 1.1083e-01, PNorm = 46.4734, GNorm = 1.9187, lr_0 = 2.6370e-04
Loss = 1.2421e-01, PNorm = 46.4915, GNorm = 1.3492, lr_0 = 2.6266e-04
Loss = 1.1743e-01, PNorm = 46.5053, GNorm = 1.7741, lr_0 = 2.6163e-04
Loss = 1.0966e-01, PNorm = 46.5184, GNorm = 0.6402, lr_0 = 2.6061e-04
Loss = 9.5212e-02, PNorm = 46.5354, GNorm = 0.5774, lr_0 = 2.5958e-04
Loss = 1.1511e-01, PNorm = 46.5506, GNorm = 1.5581, lr_0 = 2.5856e-04
Validation mcc = 0.742980
Epoch 30
Loss = 8.1802e-02, PNorm = 46.5678, GNorm = 1.0833, lr_0 = 2.5745e-04
Loss = 9.7418e-02, PNorm = 46.5870, GNorm = 1.8284, lr_0 = 2.5644e-04
Loss = 1.0275e-01, PNorm = 46.6020, GNorm = 1.4404, lr_0 = 2.5543e-04
Loss = 8.6921e-02, PNorm = 46.6158, GNorm = 1.1338, lr_0 = 2.5443e-04
Loss = 1.2477e-01, PNorm = 46.6295, GNorm = 1.4942, lr_0 = 2.5343e-04
Loss = 9.7784e-02, PNorm = 46.6466, GNorm = 1.2157, lr_0 = 2.5244e-04
Loss = 8.8663e-02, PNorm = 46.6633, GNorm = 0.7193, lr_0 = 2.5145e-04
Loss = 1.1624e-01, PNorm = 46.6785, GNorm = 1.4054, lr_0 = 2.5046e-04
Loss = 1.0408e-01, PNorm = 46.6945, GNorm = 1.0744, lr_0 = 2.4948e-04
Loss = 1.0728e-01, PNorm = 46.7045, GNorm = 0.9826, lr_0 = 2.4850e-04
Loss = 1.2102e-01, PNorm = 46.7162, GNorm = 1.7747, lr_0 = 2.4752e-04
Loss = 1.2199e-01, PNorm = 46.7267, GNorm = 1.7236, lr_0 = 2.4655e-04
Validation mcc = 0.739679
Epoch 31
Loss = 5.9153e-02, PNorm = 46.7431, GNorm = 1.3479, lr_0 = 2.4558e-04
Loss = 9.2208e-02, PNorm = 46.7570, GNorm = 1.4317, lr_0 = 2.4462e-04
Loss = 9.1803e-02, PNorm = 46.7692, GNorm = 1.5090, lr_0 = 2.4366e-04
Loss = 8.7210e-02, PNorm = 46.7844, GNorm = 1.6188, lr_0 = 2.4270e-04
Loss = 8.5994e-02, PNorm = 46.7959, GNorm = 0.6337, lr_0 = 2.4175e-04
Loss = 9.7371e-02, PNorm = 46.8127, GNorm = 1.2364, lr_0 = 2.4080e-04
Loss = 1.0256e-01, PNorm = 46.8280, GNorm = 1.3568, lr_0 = 2.3986e-04
Loss = 1.1062e-01, PNorm = 46.8427, GNorm = 2.1492, lr_0 = 2.3892e-04
Loss = 1.0527e-01, PNorm = 46.8580, GNorm = 1.8735, lr_0 = 2.3798e-04
Loss = 1.1211e-01, PNorm = 46.8714, GNorm = 1.1357, lr_0 = 2.3704e-04
Loss = 9.9262e-02, PNorm = 46.8831, GNorm = 1.5722, lr_0 = 2.3611e-04
Loss = 1.1601e-01, PNorm = 46.8985, GNorm = 1.7951, lr_0 = 2.3519e-04
Loss = 9.8376e-02, PNorm = 46.9072, GNorm = 1.1287, lr_0 = 2.3426e-04
Validation mcc = 0.757690
Epoch 32
Loss = 8.2498e-02, PNorm = 46.9208, GNorm = 1.0702, lr_0 = 2.3325e-04
Loss = 9.4903e-02, PNorm = 46.9330, GNorm = 1.5351, lr_0 = 2.3234e-04
Loss = 1.0571e-01, PNorm = 46.9472, GNorm = 0.5888, lr_0 = 2.3143e-04
Loss = 9.9751e-02, PNorm = 46.9606, GNorm = 1.5617, lr_0 = 2.3052e-04
Loss = 1.0288e-01, PNorm = 46.9788, GNorm = 0.2299, lr_0 = 2.2961e-04
Loss = 1.1057e-01, PNorm = 46.9965, GNorm = 1.1202, lr_0 = 2.2871e-04
Loss = 8.7302e-02, PNorm = 47.0129, GNorm = 1.1327, lr_0 = 2.2781e-04
Loss = 1.1797e-01, PNorm = 47.0283, GNorm = 1.2170, lr_0 = 2.2692e-04
Loss = 9.4443e-02, PNorm = 47.0358, GNorm = 1.4362, lr_0 = 2.2603e-04
Loss = 8.0673e-02, PNorm = 47.0503, GNorm = 1.6210, lr_0 = 2.2514e-04
Loss = 9.1731e-02, PNorm = 47.0607, GNorm = 2.0144, lr_0 = 2.2426e-04
Loss = 1.0119e-01, PNorm = 47.0730, GNorm = 0.5582, lr_0 = 2.2338e-04
Validation mcc = 0.745030
Epoch 33
Loss = 8.2860e-02, PNorm = 47.0846, GNorm = 0.8871, lr_0 = 2.2250e-04
Loss = 7.0723e-02, PNorm = 47.0956, GNorm = 1.0871, lr_0 = 2.2163e-04
Loss = 8.9456e-02, PNorm = 47.1077, GNorm = 0.6771, lr_0 = 2.2076e-04
Loss = 1.2093e-01, PNorm = 47.1183, GNorm = 1.5488, lr_0 = 2.1989e-04
Loss = 9.0609e-02, PNorm = 47.1323, GNorm = 2.4696, lr_0 = 2.1903e-04
Loss = 9.4257e-02, PNorm = 47.1433, GNorm = 1.0789, lr_0 = 2.1817e-04
Loss = 9.2128e-02, PNorm = 47.1592, GNorm = 2.0552, lr_0 = 2.1732e-04
Loss = 6.7842e-02, PNorm = 47.1714, GNorm = 0.6242, lr_0 = 2.1646e-04
Loss = 1.0610e-01, PNorm = 47.1865, GNorm = 0.9965, lr_0 = 2.1561e-04
Loss = 8.7356e-02, PNorm = 47.1982, GNorm = 1.7387, lr_0 = 2.1477e-04
Loss = 7.8248e-02, PNorm = 47.2083, GNorm = 0.8670, lr_0 = 2.1392e-04
Loss = 1.1210e-01, PNorm = 47.2202, GNorm = 1.0101, lr_0 = 2.1308e-04
Validation mcc = 0.742522
Epoch 34
Loss = 6.8826e-02, PNorm = 47.2305, GNorm = 1.1340, lr_0 = 2.1225e-04
Loss = 7.7420e-02, PNorm = 47.2451, GNorm = 1.8602, lr_0 = 2.1142e-04
Loss = 9.1716e-02, PNorm = 47.2564, GNorm = 1.4478, lr_0 = 2.1059e-04
Loss = 6.5684e-02, PNorm = 47.2688, GNorm = 0.9195, lr_0 = 2.0976e-04
Loss = 8.2039e-02, PNorm = 47.2836, GNorm = 1.2715, lr_0 = 2.0894e-04
Loss = 1.0646e-01, PNorm = 47.2959, GNorm = 0.9995, lr_0 = 2.0812e-04
Loss = 8.7523e-02, PNorm = 47.3073, GNorm = 1.5939, lr_0 = 2.0730e-04
Loss = 8.5754e-02, PNorm = 47.3190, GNorm = 0.7313, lr_0 = 2.0649e-04
Loss = 1.0254e-01, PNorm = 47.3286, GNorm = 0.8226, lr_0 = 2.0568e-04
Loss = 7.8344e-02, PNorm = 47.3373, GNorm = 0.6189, lr_0 = 2.0487e-04
Loss = 1.0653e-01, PNorm = 47.3438, GNorm = 1.5878, lr_0 = 2.0406e-04
Loss = 1.2696e-01, PNorm = 47.3589, GNorm = 2.5746, lr_0 = 2.0326e-04
Validation mcc = 0.737890
Epoch 35
Loss = 1.2660e-01, PNorm = 47.3715, GNorm = 1.8833, lr_0 = 2.0239e-04
Loss = 1.0428e-01, PNorm = 47.3838, GNorm = 1.7104, lr_0 = 2.0159e-04
Loss = 7.7571e-02, PNorm = 47.3952, GNorm = 1.0680, lr_0 = 2.0080e-04
Loss = 6.1506e-02, PNorm = 47.4046, GNorm = 1.1909, lr_0 = 2.0001e-04
Loss = 8.7862e-02, PNorm = 47.4193, GNorm = 1.0414, lr_0 = 1.9923e-04
Loss = 8.6273e-02, PNorm = 47.4266, GNorm = 0.8155, lr_0 = 1.9845e-04
Loss = 7.5681e-02, PNorm = 47.4360, GNorm = 0.9852, lr_0 = 1.9767e-04
Loss = 8.7634e-02, PNorm = 47.4458, GNorm = 2.3990, lr_0 = 1.9689e-04
Loss = 7.7761e-02, PNorm = 47.4566, GNorm = 0.7868, lr_0 = 1.9612e-04
Loss = 8.3283e-02, PNorm = 47.4689, GNorm = 0.9721, lr_0 = 1.9535e-04
Loss = 8.6716e-02, PNorm = 47.4800, GNorm = 1.8448, lr_0 = 1.9458e-04
Loss = 9.6468e-02, PNorm = 47.4907, GNorm = 1.7051, lr_0 = 1.9382e-04
Loss = 7.8109e-02, PNorm = 47.5010, GNorm = 1.8885, lr_0 = 1.9306e-04
Validation mcc = 0.741674
Epoch 36
Loss = 6.1002e-02, PNorm = 47.5143, GNorm = 0.9644, lr_0 = 1.9230e-04
Loss = 6.7408e-02, PNorm = 47.5248, GNorm = 1.0994, lr_0 = 1.9155e-04
Loss = 7.2550e-02, PNorm = 47.5362, GNorm = 1.7189, lr_0 = 1.9079e-04
Loss = 7.2267e-02, PNorm = 47.5469, GNorm = 0.7985, lr_0 = 1.9005e-04
Loss = 8.5285e-02, PNorm = 47.5588, GNorm = 1.1113, lr_0 = 1.8930e-04
Loss = 8.0103e-02, PNorm = 47.5700, GNorm = 1.2538, lr_0 = 1.8856e-04
Loss = 9.0144e-02, PNorm = 47.5785, GNorm = 1.0032, lr_0 = 1.8782e-04
Loss = 9.8559e-02, PNorm = 47.5862, GNorm = 0.7123, lr_0 = 1.8708e-04
Loss = 7.6875e-02, PNorm = 47.5933, GNorm = 2.1868, lr_0 = 1.8635e-04
Loss = 9.1657e-02, PNorm = 47.6039, GNorm = 0.9178, lr_0 = 1.8562e-04
Loss = 8.2447e-02, PNorm = 47.6096, GNorm = 1.9512, lr_0 = 1.8489e-04
Loss = 9.1531e-02, PNorm = 47.6229, GNorm = 0.7855, lr_0 = 1.8416e-04
Validation mcc = 0.750648
Epoch 37
Loss = 6.2748e-02, PNorm = 47.6354, GNorm = 0.8064, lr_0 = 1.8337e-04
Loss = 7.9612e-02, PNorm = 47.6444, GNorm = 1.0723, lr_0 = 1.8265e-04
Loss = 5.7124e-02, PNorm = 47.6546, GNorm = 1.0445, lr_0 = 1.8193e-04
Loss = 8.8273e-02, PNorm = 47.6654, GNorm = 1.7394, lr_0 = 1.8122e-04
Loss = 8.2104e-02, PNorm = 47.6739, GNorm = 0.5157, lr_0 = 1.8050e-04
Loss = 7.8301e-02, PNorm = 47.6842, GNorm = 1.2930, lr_0 = 1.7980e-04
Loss = 8.9834e-02, PNorm = 47.6966, GNorm = 1.8413, lr_0 = 1.7909e-04
Loss = 7.4818e-02, PNorm = 47.7058, GNorm = 0.7250, lr_0 = 1.7839e-04
Loss = 8.2090e-02, PNorm = 47.7172, GNorm = 2.7624, lr_0 = 1.7769e-04
Loss = 7.1538e-02, PNorm = 47.7251, GNorm = 0.7188, lr_0 = 1.7699e-04
Loss = 4.9722e-02, PNorm = 47.7368, GNorm = 0.4520, lr_0 = 1.7630e-04
Loss = 8.4016e-02, PNorm = 47.7460, GNorm = 1.5856, lr_0 = 1.7560e-04
Validation mcc = 0.705982
Epoch 38
Loss = 6.8035e-02, PNorm = 47.7547, GNorm = 1.2118, lr_0 = 1.7492e-04
Loss = 6.8776e-02, PNorm = 47.7633, GNorm = 0.8857, lr_0 = 1.7423e-04
Loss = 7.4294e-02, PNorm = 47.7733, GNorm = 1.5954, lr_0 = 1.7355e-04
Loss = 6.6951e-02, PNorm = 47.7831, GNorm = 1.3020, lr_0 = 1.7286e-04
Loss = 7.0880e-02, PNorm = 47.7929, GNorm = 0.2336, lr_0 = 1.7219e-04
Loss = 6.5807e-02, PNorm = 47.8016, GNorm = 1.0191, lr_0 = 1.7151e-04
Loss = 7.9163e-02, PNorm = 47.8108, GNorm = 1.4215, lr_0 = 1.7084e-04
Loss = 6.0376e-02, PNorm = 47.8220, GNorm = 0.9698, lr_0 = 1.7017e-04
Loss = 8.1576e-02, PNorm = 47.8313, GNorm = 0.7451, lr_0 = 1.6950e-04
Loss = 7.5966e-02, PNorm = 47.8402, GNorm = 1.0497, lr_0 = 1.6883e-04
Loss = 6.1442e-02, PNorm = 47.8510, GNorm = 1.3819, lr_0 = 1.6817e-04
Loss = 7.6089e-02, PNorm = 47.8587, GNorm = 0.8024, lr_0 = 1.6751e-04
Validation mcc = 0.744605
Epoch 39
Loss = 5.5567e-02, PNorm = 47.8693, GNorm = 1.1209, lr_0 = 1.6679e-04
Loss = 6.7512e-02, PNorm = 47.8752, GNorm = 1.3408, lr_0 = 1.6613e-04
Loss = 7.7762e-02, PNorm = 47.8842, GNorm = 0.9243, lr_0 = 1.6548e-04
Loss = 6.5058e-02, PNorm = 47.8928, GNorm = 2.1365, lr_0 = 1.6483e-04
Loss = 5.2554e-02, PNorm = 47.9029, GNorm = 2.2967, lr_0 = 1.6419e-04
Loss = 7.6149e-02, PNorm = 47.9107, GNorm = 0.9483, lr_0 = 1.6354e-04
Loss = 8.3406e-02, PNorm = 47.9179, GNorm = 1.7625, lr_0 = 1.6290e-04
Loss = 7.3036e-02, PNorm = 47.9265, GNorm = 1.8751, lr_0 = 1.6226e-04
Loss = 6.6669e-02, PNorm = 47.9353, GNorm = 0.8911, lr_0 = 1.6162e-04
Loss = 5.5334e-02, PNorm = 47.9441, GNorm = 1.7240, lr_0 = 1.6099e-04
Loss = 7.1311e-02, PNorm = 47.9502, GNorm = 1.5341, lr_0 = 1.6036e-04
Loss = 8.2419e-02, PNorm = 47.9606, GNorm = 2.2634, lr_0 = 1.5973e-04
Loss = 6.2557e-02, PNorm = 47.9697, GNorm = 0.6624, lr_0 = 1.5910e-04
Validation mcc = 0.734265
Epoch 40
Loss = 5.0717e-02, PNorm = 47.9773, GNorm = 0.5196, lr_0 = 1.5848e-04
Loss = 6.2541e-02, PNorm = 47.9839, GNorm = 0.9720, lr_0 = 1.5785e-04
Loss = 7.1740e-02, PNorm = 47.9924, GNorm = 1.2635, lr_0 = 1.5724e-04
Loss = 7.7418e-02, PNorm = 48.0015, GNorm = 2.8253, lr_0 = 1.5662e-04
Loss = 5.1480e-02, PNorm = 48.0094, GNorm = 1.0756, lr_0 = 1.5600e-04
Loss = 7.0614e-02, PNorm = 48.0172, GNorm = 0.9785, lr_0 = 1.5539e-04
Loss = 6.8861e-02, PNorm = 48.0261, GNorm = 1.2170, lr_0 = 1.5478e-04
Loss = 7.4273e-02, PNorm = 48.0354, GNorm = 1.5999, lr_0 = 1.5417e-04
Loss = 8.8001e-02, PNorm = 48.0420, GNorm = 3.1172, lr_0 = 1.5357e-04
Loss = 5.9167e-02, PNorm = 48.0503, GNorm = 2.2743, lr_0 = 1.5297e-04
Loss = 7.0047e-02, PNorm = 48.0568, GNorm = 0.4377, lr_0 = 1.5237e-04
Loss = 7.7656e-02, PNorm = 48.0680, GNorm = 0.7965, lr_0 = 1.5177e-04
Validation mcc = 0.733942
Epoch 41
Loss = 4.5935e-02, PNorm = 48.0766, GNorm = 1.2269, lr_0 = 1.5111e-04
Loss = 5.8622e-02, PNorm = 48.0847, GNorm = 1.0363, lr_0 = 1.5052e-04
Loss = 7.1348e-02, PNorm = 48.0910, GNorm = 1.6180, lr_0 = 1.4993e-04
Loss = 6.2061e-02, PNorm = 48.0999, GNorm = 1.4562, lr_0 = 1.4934e-04
Loss = 6.6236e-02, PNorm = 48.1076, GNorm = 2.2809, lr_0 = 1.4876e-04
Loss = 5.1410e-02, PNorm = 48.1165, GNorm = 1.8991, lr_0 = 1.4817e-04
Loss = 7.6074e-02, PNorm = 48.1240, GNorm = 0.3291, lr_0 = 1.4759e-04
Loss = 6.4581e-02, PNorm = 48.1313, GNorm = 0.9728, lr_0 = 1.4701e-04
Loss = 5.9526e-02, PNorm = 48.1423, GNorm = 0.9595, lr_0 = 1.4643e-04
Loss = 7.8925e-02, PNorm = 48.1479, GNorm = 1.7102, lr_0 = 1.4586e-04
Loss = 6.0138e-02, PNorm = 48.1550, GNorm = 0.4404, lr_0 = 1.4529e-04
Loss = 6.9646e-02, PNorm = 48.1626, GNorm = 0.6188, lr_0 = 1.4472e-04
Validation mcc = 0.723968
Epoch 42
Loss = 6.0212e-02, PNorm = 48.1717, GNorm = 1.4357, lr_0 = 1.4415e-04
Loss = 6.3103e-02, PNorm = 48.1780, GNorm = 0.7451, lr_0 = 1.4358e-04
Loss = 5.3292e-02, PNorm = 48.1846, GNorm = 1.0808, lr_0 = 1.4302e-04
Loss = 6.1051e-02, PNorm = 48.1934, GNorm = 1.5751, lr_0 = 1.4246e-04
Loss = 5.6664e-02, PNorm = 48.2031, GNorm = 1.3223, lr_0 = 1.4190e-04
Loss = 4.9938e-02, PNorm = 48.2107, GNorm = 0.9378, lr_0 = 1.4134e-04
Loss = 6.5778e-02, PNorm = 48.2174, GNorm = 1.9504, lr_0 = 1.4079e-04
Loss = 8.5729e-02, PNorm = 48.2246, GNorm = 2.1413, lr_0 = 1.4024e-04
Loss = 5.2691e-02, PNorm = 48.2300, GNorm = 1.5260, lr_0 = 1.3969e-04
Loss = 5.0674e-02, PNorm = 48.2353, GNorm = 1.1107, lr_0 = 1.3914e-04
Loss = 6.5374e-02, PNorm = 48.2430, GNorm = 1.7083, lr_0 = 1.3859e-04
Loss = 5.2442e-02, PNorm = 48.2515, GNorm = 0.4201, lr_0 = 1.3805e-04
Loss = 7.0140e-02, PNorm = 48.2601, GNorm = 1.0995, lr_0 = 1.3751e-04
Validation mcc = 0.744154
Epoch 43
Loss = 5.7834e-02, PNorm = 48.2660, GNorm = 1.5982, lr_0 = 1.3697e-04
Loss = 4.7365e-02, PNorm = 48.2746, GNorm = 1.3954, lr_0 = 1.3643e-04
Loss = 4.8674e-02, PNorm = 48.2821, GNorm = 1.2008, lr_0 = 1.3589e-04
Loss = 8.7109e-02, PNorm = 48.2897, GNorm = 1.7857, lr_0 = 1.3536e-04
Loss = 4.8894e-02, PNorm = 48.2971, GNorm = 0.8297, lr_0 = 1.3483e-04
Loss = 6.0748e-02, PNorm = 48.3057, GNorm = 1.0367, lr_0 = 1.3430e-04
Loss = 7.6381e-02, PNorm = 48.3116, GNorm = 1.4920, lr_0 = 1.3377e-04
Loss = 6.8711e-02, PNorm = 48.3161, GNorm = 1.3745, lr_0 = 1.3325e-04
Loss = 5.5231e-02, PNorm = 48.3233, GNorm = 0.3156, lr_0 = 1.3272e-04
Loss = 6.1084e-02, PNorm = 48.3301, GNorm = 1.8669, lr_0 = 1.3220e-04
Loss = 5.9897e-02, PNorm = 48.3385, GNorm = 1.0627, lr_0 = 1.3168e-04
Loss = 4.7737e-02, PNorm = 48.3444, GNorm = 0.3660, lr_0 = 1.3117e-04
Validation mcc = 0.749999
Epoch 44
Loss = 5.0651e-02, PNorm = 48.3506, GNorm = 1.2205, lr_0 = 1.3060e-04
Loss = 5.7025e-02, PNorm = 48.3577, GNorm = 1.0076, lr_0 = 1.3009e-04
Loss = 5.0405e-02, PNorm = 48.3658, GNorm = 0.8518, lr_0 = 1.2958e-04
Loss = 5.8732e-02, PNorm = 48.3736, GNorm = 1.5390, lr_0 = 1.2907e-04
Loss = 4.5699e-02, PNorm = 48.3824, GNorm = 0.8015, lr_0 = 1.2856e-04
Loss = 6.0207e-02, PNorm = 48.3883, GNorm = 1.7742, lr_0 = 1.2806e-04
Loss = 5.6846e-02, PNorm = 48.3952, GNorm = 2.0494, lr_0 = 1.2756e-04
Loss = 3.4844e-02, PNorm = 48.4021, GNorm = 0.8680, lr_0 = 1.2706e-04
Loss = 6.9028e-02, PNorm = 48.4072, GNorm = 1.1460, lr_0 = 1.2656e-04
Loss = 5.7493e-02, PNorm = 48.4152, GNorm = 0.8362, lr_0 = 1.2606e-04
Loss = 6.3050e-02, PNorm = 48.4205, GNorm = 1.8843, lr_0 = 1.2557e-04
Loss = 6.7941e-02, PNorm = 48.4283, GNorm = 1.3422, lr_0 = 1.2507e-04
Validation mcc = 0.745679
Epoch 45
Loss = 4.0735e-02, PNorm = 48.4342, GNorm = 0.7485, lr_0 = 1.2458e-04
Loss = 4.1147e-02, PNorm = 48.4415, GNorm = 1.8230, lr_0 = 1.2409e-04
Loss = 4.7183e-02, PNorm = 48.4490, GNorm = 0.5993, lr_0 = 1.2361e-04
Loss = 4.2326e-02, PNorm = 48.4555, GNorm = 0.9561, lr_0 = 1.2312e-04
Loss = 5.6907e-02, PNorm = 48.4596, GNorm = 0.9549, lr_0 = 1.2264e-04
Loss = 6.0402e-02, PNorm = 48.4647, GNorm = 0.6672, lr_0 = 1.2216e-04
Loss = 3.9887e-02, PNorm = 48.4705, GNorm = 0.9130, lr_0 = 1.2168e-04
Loss = 8.0235e-02, PNorm = 48.4760, GNorm = 0.9673, lr_0 = 1.2120e-04
Loss = 4.7489e-02, PNorm = 48.4806, GNorm = 1.0091, lr_0 = 1.2072e-04
Loss = 6.0733e-02, PNorm = 48.4878, GNorm = 0.9341, lr_0 = 1.2025e-04
Loss = 6.8183e-02, PNorm = 48.4942, GNorm = 1.4859, lr_0 = 1.1978e-04
Loss = 6.1083e-02, PNorm = 48.5011, GNorm = 2.0984, lr_0 = 1.1931e-04
Validation mcc = 0.739429
Epoch 46
Loss = 3.5933e-02, PNorm = 48.5093, GNorm = 0.7498, lr_0 = 1.1879e-04
Loss = 5.6036e-02, PNorm = 48.5158, GNorm = 1.7504, lr_0 = 1.1833e-04
Loss = 4.0428e-02, PNorm = 48.5222, GNorm = 1.0504, lr_0 = 1.1786e-04
Loss = 5.1391e-02, PNorm = 48.5279, GNorm = 1.4054, lr_0 = 1.1740e-04
Loss = 4.9624e-02, PNorm = 48.5335, GNorm = 1.2316, lr_0 = 1.1694e-04
Loss = 5.6468e-02, PNorm = 48.5398, GNorm = 0.7352, lr_0 = 1.1648e-04
Loss = 4.9658e-02, PNorm = 48.5472, GNorm = 2.0192, lr_0 = 1.1602e-04
Loss = 4.5779e-02, PNorm = 48.5530, GNorm = 1.7101, lr_0 = 1.1557e-04
Loss = 5.5022e-02, PNorm = 48.5593, GNorm = 1.6717, lr_0 = 1.1512e-04
Loss = 4.3400e-02, PNorm = 48.5653, GNorm = 0.8410, lr_0 = 1.1466e-04
Loss = 5.7079e-02, PNorm = 48.5711, GNorm = 2.5665, lr_0 = 1.1421e-04
Loss = 5.5967e-02, PNorm = 48.5759, GNorm = 2.9022, lr_0 = 1.1377e-04
Loss = 6.7436e-02, PNorm = 48.5830, GNorm = 2.2775, lr_0 = 1.1332e-04
Validation mcc = 0.747138
Epoch 47
Loss = 4.0449e-02, PNorm = 48.5865, GNorm = 0.4336, lr_0 = 1.1287e-04
Loss = 6.0220e-02, PNorm = 48.5937, GNorm = 1.4688, lr_0 = 1.1243e-04
Loss = 5.0135e-02, PNorm = 48.5989, GNorm = 1.1413, lr_0 = 1.1199e-04
Loss = 5.5135e-02, PNorm = 48.6063, GNorm = 2.1590, lr_0 = 1.1155e-04
Loss = 3.8262e-02, PNorm = 48.6129, GNorm = 1.2230, lr_0 = 1.1111e-04
Loss = 5.3955e-02, PNorm = 48.6173, GNorm = 0.4827, lr_0 = 1.1068e-04
Loss = 4.6726e-02, PNorm = 48.6238, GNorm = 1.5374, lr_0 = 1.1024e-04
Loss = 5.2135e-02, PNorm = 48.6290, GNorm = 1.2665, lr_0 = 1.0981e-04
Loss = 5.2529e-02, PNorm = 48.6334, GNorm = 2.4096, lr_0 = 1.0938e-04
Loss = 5.2253e-02, PNorm = 48.6381, GNorm = 2.7736, lr_0 = 1.0895e-04
Loss = 5.6128e-02, PNorm = 48.6425, GNorm = 0.9460, lr_0 = 1.0852e-04
Loss = 5.2485e-02, PNorm = 48.6490, GNorm = 0.7411, lr_0 = 1.0810e-04
Validation mcc = 0.740572
Epoch 48
Loss = 2.7835e-02, PNorm = 48.6553, GNorm = 0.4207, lr_0 = 1.0763e-04
Loss = 4.5926e-02, PNorm = 48.6608, GNorm = 0.9685, lr_0 = 1.0721e-04
Loss = 4.0891e-02, PNorm = 48.6668, GNorm = 0.4702, lr_0 = 1.0679e-04
Loss = 3.2410e-02, PNorm = 48.6720, GNorm = 1.2076, lr_0 = 1.0637e-04
Loss = 5.6818e-02, PNorm = 48.6770, GNorm = 2.6208, lr_0 = 1.0595e-04
Loss = 6.4388e-02, PNorm = 48.6818, GNorm = 1.5993, lr_0 = 1.0553e-04
Loss = 6.3338e-02, PNorm = 48.6888, GNorm = 0.5274, lr_0 = 1.0512e-04
Loss = 5.4949e-02, PNorm = 48.6961, GNorm = 2.0538, lr_0 = 1.0471e-04
Loss = 6.0107e-02, PNorm = 48.7005, GNorm = 0.8729, lr_0 = 1.0430e-04
Loss = 5.0495e-02, PNorm = 48.7074, GNorm = 0.9672, lr_0 = 1.0389e-04
Loss = 4.9344e-02, PNorm = 48.7123, GNorm = 1.7836, lr_0 = 1.0348e-04
Loss = 6.1776e-02, PNorm = 48.7179, GNorm = 1.8532, lr_0 = 1.0307e-04
Validation mcc = 0.736947
Epoch 49
Loss = 4.6987e-02, PNorm = 48.7219, GNorm = 1.1359, lr_0 = 1.0267e-04
Loss = 4.4257e-02, PNorm = 48.7263, GNorm = 1.1013, lr_0 = 1.0227e-04
Loss = 4.2956e-02, PNorm = 48.7303, GNorm = 1.2685, lr_0 = 1.0187e-04
Loss = 4.2255e-02, PNorm = 48.7370, GNorm = 1.0884, lr_0 = 1.0147e-04
Loss = 4.8414e-02, PNorm = 48.7419, GNorm = 1.2028, lr_0 = 1.0107e-04
Loss = 4.8952e-02, PNorm = 48.7472, GNorm = 1.0750, lr_0 = 1.0067e-04
Loss = 4.2223e-02, PNorm = 48.7524, GNorm = 0.5768, lr_0 = 1.0028e-04
Loss = 4.2829e-02, PNorm = 48.7581, GNorm = 0.6149, lr_0 = 1.0000e-04
Loss = 4.5510e-02, PNorm = 48.7643, GNorm = 1.1793, lr_0 = 1.0000e-04
Loss = 5.6799e-02, PNorm = 48.7701, GNorm = 1.3143, lr_0 = 1.0000e-04
Loss = 4.9112e-02, PNorm = 48.7763, GNorm = 1.3492, lr_0 = 1.0000e-04
Loss = 4.2760e-02, PNorm = 48.7809, GNorm = 0.3531, lr_0 = 1.0000e-04
Validation mcc = 0.736437
Model 0 best validation mcc = 0.757690 on epoch 31
Loading pretrained parameter "encoder.encoder.0.cached_zero_vector".
Loading pretrained parameter "encoder.encoder.0.W_i.weight".
Loading pretrained parameter "encoder.encoder.0.W_h.weight".
Loading pretrained parameter "encoder.encoder.0.W_o.weight".
Loading pretrained parameter "encoder.encoder.0.W_o.bias".
Loading pretrained parameter "ffn.1.weight".
Loading pretrained parameter "ffn.1.bias".
Loading pretrained parameter "ffn.4.weight".
Loading pretrained parameter "ffn.4.bias".
Model 0 test mcc = 0.757234
Ensemble test mcc = 0.757234
5-fold cross validation
	Seed 0 ==> test mcc = 0.711351
	Seed 1 ==> test mcc = 0.790889
	Seed 2 ==> test mcc = 0.739664
	Seed 3 ==> test mcc = 0.766008
	Seed 4 ==> test mcc = 0.757234
Overall test mcc = 0.753029 +/- 0.026590
Elapsed time = 1:16:28
